0,-49.81707317073171,0.0
50,119.89473684210526,0.0
100,137.72222222222223,0.05555555555555555
150,161.3125,0.0
200,145.88235294117646,0.0
250,161.3125,0.0
300,161.3125,0.0
350,178.8,0.0
400,185.46666666666667,0.06666666666666667
450,161.3125,0.0
500,220.21428571428572,0.21428571428571427
550,205.92857142857142,0.07142857142857142
600,185.46666666666667,0.06666666666666667
650,185.46666666666667,0.06666666666666667
700,205.92857142857142,0.07142857142857142
750,213.07142857142858,0.14285714285714285
800,213.07142857142858,0.14285714285714285
850,198.78571428571428,0.0
900,178.8,0.0
950,198.8,0.2
1000,213.07142857142858,0.14285714285714285
1050,213.07142857142858,0.14285714285714285
1100,260.3076923076923,0.38461538461538464
1150,198.78571428571428,0.0
1200,205.92857142857142,0.07142857142857142
1250,220.21428571428572,0.21428571428571427
1300,180.0625,0.1875
1350,220.21428571428572,0.21428571428571427
1400,227.35714285714286,0.2857142857142857
1450,185.4,0.13333333333333333
1500,227.35714285714286,0.2857142857142857
1550,268.0,0.46153846153846156
1600,192.13333333333333,0.13333333333333333
1650,213.07142857142858,0.14285714285714285
1700,192.13333333333333,0.13333333333333333
1750,220.21428571428572,0.21428571428571427
1800,185.46666666666667,0.06666666666666667
1850,213.07142857142858,0.14285714285714285
1900,244.92307692307693,0.23076923076923078
1950,227.35714285714286,0.2857142857142857
2000,220.21428571428572,0.21428571428571427
2050,213.07142857142858,0.14285714285714285
2100,260.3076923076923,0.38461538461538464
2150,252.6153846153846,0.3076923076923077
2200,229.53846153846155,0.07692307692307693
2250,205.92857142857142,0.07142857142857142
2300,237.23076923076923,0.15384615384615385
2350,227.35714285714286,0.2857142857142857
2400,213.07142857142858,0.14285714285714285
2450,213.07142857142858,0.14285714285714285
2500,213.07142857142858,0.14285714285714285
2550,227.35714285714286,0.2857142857142857
2600,220.21428571428572,0.21428571428571427
2650,220.21428571428572,0.21428571428571427
2700,268.0,0.46153846153846156
2750,275.6923076923077,0.5384615384615384
2800,260.3076923076923,0.38461538461538464
2850,252.6153846153846,0.3076923076923077
2900,283.38461538461536,0.6153846153846154
2950,244.92307692307693,0.23076923076923078
3000,260.3076923076923,0.38461538461538464
3050,244.92307692307693,0.23076923076923078
3100,323.75,0.75
3150,229.53846153846155,0.07692307692307693
3200,234.5,0.35714285714285715
3250,260.3076923076923,0.38461538461538464
3300,273.75,0.25
3350,237.23076923076923,0.15384615384615385
3400,244.92307692307693,0.23076923076923078
3450,227.35714285714286,0.2857142857142857
3500,268.0,0.46153846153846156
3550,244.92307692307693,0.23076923076923078
3600,244.92307692307693,0.23076923076923078
3650,260.3076923076923,0.38461538461538464
3700,340.4166666666667,0.9166666666666666
3750,307.0833333333333,0.5833333333333334
3800,298.75,0.5
3850,252.6153846153846,0.3076923076923077
3900,260.3076923076923,0.38461538461538464
3950,282.0833333333333,0.3333333333333333
4000,323.75,0.75
4050,229.53846153846155,0.07692307692307693
4100,298.75,0.5
4150,315.4166666666667,0.6666666666666666
4200,340.4166666666667,0.9166666666666666
4250,298.7692307692308,0.7692307692307693
4300,307.0833333333333,0.5833333333333334
4350,252.6153846153846,0.3076923076923077
4400,332.0833333333333,0.8333333333333334
4450,332.0833333333333,0.8333333333333334
4500,273.75,0.25
4550,315.4166666666667,0.6666666666666666
4600,315.4166666666667,0.6666666666666666
4650,290.4166666666667,0.4166666666666667
4700,273.75,0.25
4750,357.0833333333333,1.0833333333333333
4800,298.75,0.5
4850,332.0833333333333,0.8333333333333334
4900,298.75,0.5
4950,275.6923076923077,0.5384615384615384
5000,332.0833333333333,0.8333333333333334
5050,332.0833333333333,0.8333333333333334
5100,348.75,1.0
5150,283.38461538461536,0.6153846153846154
5200,416.90909090909093,1.3636363636363635
5250,332.0833333333333,0.8333333333333334
5300,407.8181818181818,1.2727272727272727
5350,348.75,1.0
5400,340.4166666666667,0.9166666666666666
5450,348.75,1.0
5500,306.46153846153845,0.8461538461538461
5550,340.4166666666667,0.9166666666666666
5600,365.4166666666667,1.1666666666666667
5650,382.0833333333333,1.3333333333333333
5700,398.75,1.5
5750,306.46153846153845,0.8461538461538461
5800,332.0833333333333,0.8333333333333334
5850,444.1818181818182,1.6363636363636365
5900,357.0833333333333,1.0833333333333333
5950,321.84615384615387,1.0
6000,268.0,0.46153846153846156
6050,323.75,0.75
6100,382.0833333333333,1.3333333333333333
6150,357.0833333333333,1.0833333333333333
6200,357.0833333333333,1.0833333333333333
6250,340.4166666666667,0.9166666666666666
6300,382.0833333333333,1.3333333333333333
6350,332.0833333333333,0.8333333333333334
6400,323.75,0.75
6450,298.7692307692308,0.7692307692307693
6500,365.4166666666667,1.1666666666666667
6550,382.0833333333333,1.3333333333333333
6600,357.0833333333333,1.0833333333333333
6650,357.0833333333333,1.0833333333333333
6700,314.15384615384613,0.9230769230769231
6750,382.0833333333333,1.3333333333333333
6800,373.75,1.25
6850,329.53846153846155,1.0769230769230769
6900,314.15384615384613,0.9230769230769231
6950,314.15384615384613,0.9230769230769231
7000,284.5,0.8571428571428571
7050,306.46153846153845,0.8461538461538461
7100,332.0833333333333,0.8333333333333334
7150,321.84615384615387,1.0
7200,321.84615384615387,1.0
7250,337.2307692307692,1.1538461538461537
7300,344.9230769230769,1.2307692307692308
7350,423.75,1.75
7400,357.0833333333333,1.0833333333333333
7450,314.15384615384613,0.9230769230769231
7500,321.84615384615387,1.0
7550,415.4166666666667,1.6666666666666667
7600,321.84615384615387,1.0
7650,329.53846153846155,1.0769230769230769
7700,283.38461538461536,0.6153846153846154
7750,344.9230769230769,1.2307692307692308
7800,382.0833333333333,1.3333333333333333
7850,390.4166666666667,1.4166666666666667
7900,398.75,1.5
7950,373.75,1.25
8000,283.38461538461536,0.6153846153846154
8050,407.0833333333333,1.5833333333333333
8100,390.4166666666667,1.4166666666666667
8150,415.4166666666667,1.6666666666666667
8200,348.75,1.0
8250,365.4166666666667,1.1666666666666667
8300,462.3636363636364,1.8181818181818181
8350,398.75,1.5
8400,348.75,1.0
8450,471.45454545454544,1.9090909090909092
8500,373.75,1.25
8550,314.15384615384613,0.9230769230769231
8600,348.75,1.0
8650,415.4166666666667,1.6666666666666667
8700,365.4166666666667,1.1666666666666667
8750,398.75,1.5
8800,423.75,1.75
8850,321.84615384615387,1.0
8900,321.84615384615387,1.0
8950,323.75,0.75
9000,423.75,1.75
9050,423.75,1.75
9100,423.75,1.75
9150,329.53846153846155,1.0769230769230769
9200,432.0833333333333,1.8333333333333333
9250,352.61538461538464,1.3076923076923077
9300,337.2307692307692,1.1538461538461537
9350,329.53846153846155,1.0769230769230769
9400,270.2142857142857,0.7142857142857143
9450,284.5,0.8571428571428571
9500,329.53846153846155,1.0769230769230769
9550,448.75,2.0
9600,321.84615384615387,1.0
9650,360.3076923076923,1.3846153846153846
9700,352.61538461538464,1.3076923076923077
9750,465.4166666666667,2.1666666666666665
9800,457.0833333333333,2.0833333333333335
9850,298.7857142857143,1.0
9900,337.2307692307692,1.1538461538461537
9950,440.4166666666667,1.9166666666666667
10000,440.4166666666667,1.9166666666666667
10050,383.38461538461536,1.6153846153846154
10100,360.3076923076923,1.3846153846153846
10150,344.9230769230769,1.2307692307692308
10200,398.7692307692308,1.7692307692307692
10250,482.0833333333333,2.3333333333333335
10300,360.3076923076923,1.3846153846153846
10350,383.38461538461536,1.6153846153846154
10400,284.5,0.8571428571428571
10450,440.4166666666667,1.9166666666666667
10500,414.15384615384613,1.9230769230769231
10550,440.4166666666667,1.9166666666666667
10600,360.3076923076923,1.3846153846153846
10650,375.6923076923077,1.5384615384615385
10700,375.6923076923077,1.5384615384615385
10750,352.61538461538464,1.3076923076923077
10800,329.53846153846155,1.0769230769230769
10850,440.4166666666667,1.9166666666666667
10900,321.84615384615387,1.0
10950,352.61538461538464,1.3076923076923077
11000,391.0769230769231,1.6923076923076923
11050,383.38461538461536,1.6153846153846154
11100,368.0,1.4615384615384615
11150,368.0,1.4615384615384615
11200,440.4166666666667,1.9166666666666667
11250,457.0833333333333,2.0833333333333335
11300,368.0,1.4615384615384615
11350,398.7692307692308,1.7692307692307692
11400,360.3076923076923,1.3846153846153846
11450,457.0833333333333,2.0833333333333335
11500,448.75,2.0
11550,383.38461538461536,1.6153846153846154
11600,444.9230769230769,2.230769230769231
11650,406.46153846153845,1.8461538461538463
11700,383.38461538461536,1.6153846153846154
11750,406.46153846153845,1.8461538461538463
11800,383.38461538461536,1.6153846153846154
11850,398.7692307692308,1.7692307692307692
11900,334.5,1.3571428571428572
11950,414.15384615384613,1.9230769230769231
12000,377.35714285714283,1.7857142857142858
12050,414.15384615384613,1.9230769230769231
12100,341.64285714285717,1.4285714285714286
12150,391.0769230769231,1.6923076923076923
12200,348.7857142857143,1.5
12250,341.64285714285717,1.4285714285714286
12300,355.92857142857144,1.5714285714285714
12350,383.38461538461536,1.6153846153846154
12400,327.35714285714283,1.2857142857142858
12450,452.61538461538464,2.3076923076923075
12500,341.64285714285717,1.4285714285714286
12550,421.84615384615387,2.0
12600,540.4166666666666,2.9166666666666665
12650,414.15384615384613,1.9230769230769231
12700,421.84615384615387,2.0
12750,444.9230769230769,2.230769230769231
12800,334.5,1.3571428571428572
12850,452.61538461538464,2.3076923076923075
12900,391.0769230769231,1.6923076923076923
12950,498.75,2.5
13000,565.4166666666666,3.1666666666666665
13050,421.84615384615387,2.0
13100,421.84615384615387,2.0
13150,414.15384615384613,1.9230769230769231
13200,398.7692307692308,1.7692307692307692
13250,355.92857142857144,1.5714285714285714
13300,523.75,2.75
13350,320.2142857142857,1.2142857142857142
13400,437.2307692307692,2.1538461538461537
13450,355.92857142857144,1.5714285714285714
13500,421.84615384615387,2.0
13550,460.3076923076923,2.3846153846153846
13600,384.5,1.8571428571428572
13650,483.38461538461536,2.6153846153846154
13700,452.61538461538464,2.3076923076923075
13750,468.0,2.4615384615384617
13800,398.7857142857143,2.0
13850,406.46153846153845,1.8461538461538463
13900,523.75,2.75
13950,437.2307692307692,2.1538461538461537
14000,548.75,3.0
14050,414.15384615384613,1.9230769230769231
14100,557.0833333333334,3.0833333333333335
14150,483.38461538461536,2.6153846153846154
14200,437.2307692307692,2.1538461538461537
14250,523.75,2.75
14300,548.75,3.0
14350,548.75,3.0
14400,515.4166666666666,2.6666666666666665
14450,515.4166666666666,2.6666666666666665
14500,490.4166666666667,2.4166666666666665
14550,406.46153846153845,1.8461538461538463
14600,457.0833333333333,2.0833333333333335
14650,498.75,2.5
14700,457.0833333333333,2.0833333333333335
14750,406.46153846153845,1.8461538461538463
14800,515.4166666666666,2.6666666666666665
14850,473.75,2.25
14900,589.6363636363636,3.090909090909091
14950,490.4166666666667,2.4166666666666665
15000,498.75,2.5
15050,507.0833333333333,2.5833333333333335
15100,406.46153846153845,1.8461538461538463
15150,421.84615384615387,2.0
15200,444.9230769230769,2.230769230769231
15250,540.4166666666666,2.9166666666666665
15300,406.46153846153845,1.8461538461538463
15350,532.0833333333334,2.8333333333333335
15400,429.53846153846155,2.076923076923077
15450,421.84615384615387,2.0
15500,398.7692307692308,1.7692307692307692
15550,429.53846153846155,2.076923076923077
15600,532.0833333333334,2.8333333333333335
15650,468.0,2.4615384615384617
15700,444.9230769230769,2.230769230769231
15750,573.75,3.25
15800,468.0,2.4615384615384617
15850,590.4166666666666,3.4166666666666665
15900,391.64285714285717,1.9285714285714286
15950,506.46153846153845,2.8461538461538463
16000,498.7692307692308,2.769230769230769
16050,421.84615384615387,2.0
16100,529.5384615384615,3.076923076923077
16150,460.3076923076923,2.3846153846153846
16200,640.4166666666666,3.9166666666666665
16250,607.0833333333334,3.5833333333333335
16300,498.7692307692308,2.769230769230769
16350,498.7692307692308,2.769230769230769
16400,521.8461538461538,3.0
16450,460.3076923076923,2.3846153846153846
16500,491.0769230769231,2.6923076923076925
16550,468.0,2.4615384615384617
16600,468.0,2.4615384615384617
16650,398.7857142857143,2.0
16700,355.92857142857144,1.5714285714285714
16750,421.84615384615387,2.0
16800,598.75,3.5
16850,405.92857142857144,2.0714285714285716
16900,548.75,3.0
16950,452.61538461538464,2.3076923076923075
17000,475.6923076923077,2.5384615384615383
17050,565.4166666666666,3.1666666666666665
17100,475.6923076923077,2.5384615384615383
17150,498.7692307692308,2.769230769230769
17200,498.7692307692308,2.769230769230769
17250,398.7692307692308,1.7692307692307692
17300,468.0,2.4615384615384617
17350,623.75,3.75
17400,529.5384615384615,3.076923076923077
17450,498.7692307692308,2.769230769230769
17500,483.38461538461536,2.6153846153846154
17550,491.0769230769231,2.6923076923076925
17600,468.0,2.4615384615384617
17650,370.2142857142857,1.7142857142857142
17700,491.0769230769231,2.6923076923076925
17750,565.4166666666666,3.1666666666666665
17800,506.46153846153845,2.8461538461538463
17850,640.4166666666666,3.9166666666666665
17900,632.0833333333334,3.8333333333333335
17950,498.7692307692308,2.769230769230769
18000,405.92857142857144,2.0714285714285716
18050,521.8461538461538,3.0
18100,615.4166666666666,3.6666666666666665
18150,565.4166666666666,3.1666666666666665
18200,623.75,3.75
18250,506.46153846153845,2.8461538461538463
18300,521.8461538461538,3.0
18350,537.2307692307693,3.1538461538461537
18400,468.0,2.4615384615384617
18450,529.5384615384615,3.076923076923077
18500,468.0,2.4615384615384617
18550,475.6923076923077,2.5384615384615383
18600,444.9230769230769,2.230769230769231
18650,573.75,3.25
18700,557.0833333333334,3.0833333333333335
18750,565.4166666666666,3.1666666666666665
18800,506.46153846153845,2.8461538461538463
18850,506.46153846153845,2.8461538461538463
18900,468.0,2.4615384615384617
18950,514.1538461538462,2.923076923076923
19000,673.75,4.25
19050,498.7692307692308,2.769230769230769
19100,506.46153846153845,2.8461538461538463
19150,615.4166666666666,3.6666666666666665
19200,498.7692307692308,2.769230769230769
19250,521.8461538461538,3.0
19300,498.7692307692308,2.769230769230769
19350,598.75,3.5
19400,707.8181818181819,4.2727272727272725
19450,514.1538461538462,2.923076923076923
19500,475.6923076923077,2.5384615384615383
19550,657.0833333333334,4.083333333333333
19600,529.5384615384615,3.076923076923077
19650,632.0833333333334,3.8333333333333335
19700,598.75,3.5
19750,483.38461538461536,2.6153846153846154
19800,590.4166666666666,3.4166666666666665
19850,506.46153846153845,2.8461538461538463
19900,544.9230769230769,3.230769230769231
19950,615.4166666666666,3.6666666666666665
20000,506.46153846153845,2.8461538461538463
20050,405.92857142857144,2.0714285714285716
20100,427.35714285714283,2.2857142857142856
20150,607.0833333333334,3.5833333333333335
20200,744.1818181818181,4.636363636363637
20250,573.75,3.25
20300,590.4166666666666,3.4166666666666665
20350,607.0833333333334,3.5833333333333335
20400,623.75,3.75
20450,615.4166666666666,3.6666666666666665
20500,529.5384615384615,3.076923076923077
20550,607.0833333333334,3.5833333333333335
20600,506.46153846153845,2.8461538461538463
20650,632.0833333333334,3.8333333333333335
20700,506.46153846153845,2.8461538461538463
20750,537.2307692307693,3.1538461538461537
20800,498.7692307692308,2.769230769230769
20850,623.75,3.75
20900,552.6153846153846,3.3076923076923075
20950,640.4166666666666,3.9166666666666665
21000,468.0,2.4615384615384617
21050,565.4166666666666,3.1666666666666665
21100,565.3333333333334,3.25
21150,632.0833333333334,3.8333333333333335
21200,514.1538461538462,2.923076923076923
21250,544.9230769230769,3.230769230769231
21300,623.75,3.75
21350,544.9230769230769,3.230769230769231
21400,514.1538461538462,2.923076923076923
21450,807.8181818181819,5.2727272727272725
21500,537.2307692307693,3.1538461538461537
21550,514.1538461538462,2.923076923076923
21600,615.4166666666666,3.6666666666666665
21650,582.0833333333334,3.3333333333333335
21700,607.0833333333334,3.5833333333333335
21750,514.1538461538462,2.923076923076923
21800,544.9230769230769,3.230769230769231
21850,623.75,3.75
21900,468.0,2.4615384615384617
21950,573.75,3.25
22000,657.0833333333334,4.083333333333333
22050,673.75,4.25
22100,640.4166666666666,3.9166666666666665
22150,529.5384615384615,3.076923076923077
22200,640.4166666666666,3.9166666666666665
22250,640.4166666666666,3.9166666666666665
22300,537.2307692307693,3.1538461538461537
22350,498.7692307692308,2.769230769230769
22400,544.9230769230769,3.230769230769231
22450,640.4166666666666,3.9166666666666665
22500,552.6153846153846,3.3076923076923075
22550,441.64285714285717,2.4285714285714284
22600,632.0833333333334,3.8333333333333335
22650,607.0833333333334,3.5833333333333335
22700,682.0833333333334,4.333333333333333
22750,521.8461538461538,3.0
22800,552.6153846153846,3.3076923076923075
22850,529.5384615384615,3.076923076923077
22900,640.4166666666666,3.9166666666666665
22950,690.4166666666666,4.416666666666667
23000,607.0833333333334,3.5833333333333335
23050,632.0833333333334,3.8333333333333335
23100,640.4166666666666,3.9166666666666665
23150,632.0833333333334,3.8333333333333335
23200,529.5384615384615,3.076923076923077
23250,682.0833333333334,4.333333333333333
23300,560.3076923076923,3.3846153846153846
23350,744.1818181818181,4.636363636363637
23400,648.75,4.0
23450,607.0833333333334,3.5833333333333335
23500,735.0909090909091,4.545454545454546
23550,657.0833333333334,4.083333333333333
23600,682.0833333333334,4.333333333333333
23650,853.2727272727273,5.7272727272727275
23700,690.4166666666666,4.416666666666667
23750,698.75,4.5
23800,744.1818181818181,4.636363636363637
23850,789.6363636363636,5.090909090909091
23900,657.0833333333334,4.083333333333333
23950,544.9230769230769,3.230769230769231
24000,529.5384615384615,3.076923076923077
24050,521.8461538461538,3.0
24100,623.75,3.75
24150,590.4166666666666,3.4166666666666665
24200,673.75,4.25
24250,615.4166666666666,3.6666666666666665
24300,529.5384615384615,3.076923076923077
24350,715.4166666666666,4.666666666666667
24400,640.4166666666666,3.9166666666666665
24450,537.2307692307693,3.1538461538461537
24500,615.4166666666666,3.6666666666666665
24550,771.4545454545455,4.909090909090909
24600,607.0833333333334,3.5833333333333335
24650,789.6363636363636,5.090909090909091
24700,762.3636363636364,4.818181818181818
24750,598.75,3.5
24800,521.8461538461538,3.0
24850,632.0833333333334,3.8333333333333335
24900,640.4166666666666,3.9166666666666665
24950,762.3636363636364,4.818181818181818
25000,780.5454545454545,5.0
25050,623.75,3.75
25100,582.0833333333334,3.3333333333333335
25150,598.75,3.5
25200,657.0833333333334,4.083333333333333
25250,762.3636363636364,4.818181818181818
25300,723.75,4.75
25350,521.8461538461538,3.0
25400,816.9090909090909,5.363636363636363
25450,771.4545454545455,4.909090909090909
25500,640.4166666666666,3.9166666666666665
25550,723.75,4.75
25600,723.75,4.75
25650,715.4166666666666,4.666666666666667
25700,682.0833333333334,4.333333333333333
25750,544.9230769230769,3.230769230769231
25800,690.4166666666666,4.416666666666667
25850,723.75,4.75
25900,665.4166666666666,4.166666666666667
25950,657.0833333333334,4.083333333333333
26000,583.3846153846154,3.6153846153846154
26050,757.0833333333334,5.083333333333333
26100,715.4166666666666,4.666666666666667
26150,544.9230769230769,3.230769230769231
26200,715.4166666666666,4.666666666666667
26250,657.0833333333334,4.083333333333333
26300,835.0909090909091,5.545454545454546
26350,673.75,4.25
26400,665.4166666666666,4.166666666666667
26450,598.7692307692307,3.769230769230769
26500,715.4166666666666,4.666666666666667
26550,826.0,5.454545454545454
26600,780.5454545454545,5.0
26650,506.46153846153845,2.8461538461538463
26700,748.75,5.0
26750,898.7272727272727,6.181818181818182
26800,575.6923076923077,3.5384615384615383
26850,606.4615384615385,3.8461538461538463
26900,707.0833333333334,4.583333333333333
26950,782.0833333333334,5.333333333333333
27000,568.0,3.4615384615384617
27050,568.0,3.4615384615384617
27100,637.2307692307693,4.153846153846154
27150,715.4166666666666,4.666666666666667
27200,765.4166666666666,5.166666666666667
27250,568.0,3.4615384615384617
27300,614.1538461538462,3.923076923076923
27350,606.4615384615385,3.8461538461538463
27400,773.75,5.25
27450,815.4166666666666,5.666666666666667
27500,748.75,5.0
27550,757.0833333333334,5.083333333333333
27600,935.0909090909091,6.545454545454546
27650,740.4166666666666,4.916666666666667
27700,732.0833333333334,4.833333333333333
27750,807.0833333333334,5.583333333333333
27800,732.0833333333334,4.833333333333333
27850,773.75,5.25
27900,907.8181818181819,6.2727272727272725
27950,790.4166666666666,5.416666666666667
28000,832.0833333333334,5.833333333333333
28050,748.75,5.0
28100,740.4166666666666,4.916666666666667
28150,591.0769230769231,3.6923076923076925
28200,790.4166666666666,5.416666666666667
28250,935.0909090909091,6.545454545454546
28300,552.6153846153846,3.3076923076923075
28350,614.1538461538462,3.923076923076923
28400,823.75,5.75
28450,798.75,5.5
28500,765.4166666666666,5.166666666666667
28550,926.0,6.454545454545454
28600,840.4166666666666,5.916666666666667
28650,807.0833333333334,5.583333333333333
28700,698.7692307692307,4.769230769230769
28750,782.0833333333334,5.333333333333333
28800,798.75,5.5
28850,815.4166666666666,5.666666666666667
28900,652.6153846153846,4.3076923076923075
28950,832.0833333333334,5.833333333333333
29000,998.7272727272727,7.181818181818182
29050,807.0833333333334,5.583333333333333
29100,823.75,5.75
29150,815.4166666666666,5.666666666666667
29200,691.0769230769231,4.6923076923076925
29250,698.7692307692307,4.769230769230769
29300,675.6923076923077,4.538461538461538
29350,644.9230769230769,4.230769230769231
29400,691.0769230769231,4.6923076923076925
29450,873.75,6.25
29500,848.75,6.0
29550,691.0769230769231,4.6923076923076925
29600,848.75,6.0
29650,760.3076923076923,5.384615384615385
29700,857.0833333333334,6.083333333333333
29750,729.5384615384615,5.076923076923077
29800,729.5384615384615,5.076923076923077
29850,807.0833333333334,5.583333333333333
29900,668.0,4.461538461538462
29950,857.0833333333334,6.083333333333333
30000,840.4166666666666,5.916666666666667
30050,882.0833333333334,6.333333333333333
30100,857.0833333333334,6.083333333333333
30150,848.75,6.0
30200,752.6153846153846,5.3076923076923075
30250,714.1538461538462,4.923076923076923
30300,832.0833333333334,5.833333333333333
30350,823.75,5.75
30400,823.75,5.75
30450,706.4615384615385,4.846153846153846
30500,848.75,6.0
30550,729.5384615384615,5.076923076923077
30600,714.1538461538462,4.923076923076923
30650,840.4166666666666,5.916666666666667
30700,840.4166666666666,5.916666666666667
30750,729.5384615384615,5.076923076923077
30800,898.75,6.5
30850,737.2307692307693,5.153846153846154
30900,873.75,6.25
30950,744.9230769230769,5.230769230769231
31000,840.4166666666666,5.916666666666667
31050,898.75,6.5
31100,744.9230769230769,5.230769230769231
31150,798.75,5.5
31200,1035.090909090909,7.545454545454546
31250,534.5,3.357142857142857
31300,857.0833333333334,6.083333333333333
31350,832.0833333333334,5.833333333333333
31400,823.75,5.75
31450,848.75,6.0
31500,675.6923076923077,4.538461538461538
31550,848.75,6.0
31600,798.75,5.5
31650,668.0,4.461538461538462
31700,890.4166666666666,6.416666666666667
31750,865.4166666666666,6.166666666666667
31800,890.4166666666666,6.416666666666667
31850,857.0833333333334,6.083333333333333
31900,840.4166666666666,5.916666666666667
31950,660.3076923076923,4.384615384615385
32000,807.0833333333334,5.583333333333333
32050,721.8461538461538,5.0
32100,915.4166666666666,6.666666666666667
32150,898.75,6.5
32200,857.0833333333334,6.083333333333333
32250,882.0833333333334,6.333333333333333
32300,915.4166666666666,6.666666666666667
32350,598.7857142857143,4.0
32400,791.0769230769231,5.6923076923076925
32450,832.0833333333334,5.833333333333333
32500,737.2307692307693,5.153846153846154
32550,857.0833333333334,6.083333333333333
32600,714.1538461538462,4.923076923076923
32650,1035.090909090909,7.545454545454546
32700,940.4166666666666,6.916666666666667
32750,915.4166666666666,6.666666666666667
32800,915.4166666666666,6.666666666666667
32850,882.0833333333334,6.333333333333333
32900,965.4166666666666,7.166666666666667
32950,915.4166666666666,6.666666666666667
33000,670.2142857142857,4.714285714285714
33050,768.0,5.461538461538462
33100,798.7692307692307,5.769230769230769
33150,898.75,6.5
33200,832.0,5.916666666666667
33250,915.4166666666666,6.666666666666667
33300,932.0833333333334,6.833333333333333
33350,737.2307692307693,5.153846153846154
33400,915.4166666666666,6.666666666666667
33450,1080.5454545454545,8.0
33500,752.6153846153846,5.3076923076923075
33550,857.0833333333334,6.083333333333333
33600,932.0833333333334,6.833333333333333
33650,923.75,6.75
33700,744.9230769230769,5.230769230769231
33750,744.9230769230769,5.230769230769231
33800,691.0769230769231,4.6923076923076925
33850,752.6153846153846,5.3076923076923075
33900,775.6923076923077,5.538461538461538
33950,668.0,4.461538461538462
34000,890.4166666666666,6.416666666666667
34050,907.0833333333334,6.583333333333333
34100,940.4166666666666,6.916666666666667
34150,940.4166666666666,6.916666666666667
34200,948.75,7.0
34250,982.0833333333334,7.333333333333333
34300,775.6923076923077,5.538461538461538
34350,552.1333333333333,3.7333333333333334
34400,837.2307692307693,6.153846153846154
34450,744.9230769230769,5.230769230769231
34500,957.0833333333334,7.083333333333333
34550,848.75,6.0
34600,948.75,7.0
34650,821.8461538461538,6.0
34700,760.3076923076923,5.384615384615385
34750,663.0714285714286,4.642857142857143
34800,1135.090909090909,8.545454545454545
34850,768.0,5.461538461538462
34900,1207.8181818181818,9.272727272727273
34950,907.0833333333334,6.583333333333333
35000,791.0769230769231,5.6923076923076925
35050,948.75,7.0
35100,768.0,5.461538461538462
35150,890.4166666666666,6.416666666666667
35200,814.1538461538462,5.923076923076923
35250,965.4166666666666,7.166666666666667
35300,957.0833333333334,7.083333333333333
35350,1135.090909090909,8.545454545454545
35400,829.5384615384615,6.076923076923077
35450,957.0833333333334,7.083333333333333
35500,1126.0,8.454545454545455
35550,829.5384615384615,6.076923076923077
35600,957.0833333333334,7.083333333333333
35650,998.75,7.5
35700,1057.0833333333333,8.083333333333334
35750,990.4166666666666,7.416666666666667
35800,798.7692307692307,5.769230769230769
35850,915.4166666666666,6.666666666666667
35900,844.9230769230769,6.230769230769231
35950,965.4166666666666,7.166666666666667
36000,948.75,7.0
36050,882.0833333333334,6.333333333333333
36100,932.0833333333334,6.833333333333333
36150,806.4615384615385,5.846153846153846
36200,957.0833333333334,7.083333333333333
36250,898.75,6.5
36300,932.0833333333334,6.833333333333333
36350,806.4615384615385,5.846153846153846
36400,973.75,7.25
36450,882.0833333333334,6.333333333333333
36500,907.0833333333334,6.583333333333333
36550,898.75,6.5
36600,907.0833333333334,6.583333333333333
36650,923.75,6.75
36700,1080.5454545454545,8.0
36750,932.0833333333334,6.833333333333333
36800,1098.7272727272727,8.181818181818182
36850,1080.5454545454545,8.0
36900,940.4166666666666,6.916666666666667
36950,806.4615384615385,5.846153846153846
37000,973.75,7.25
37050,973.75,7.25
37100,882.0833333333334,6.333333333333333
37150,965.4166666666666,7.166666666666667
37200,641.6428571428571,4.428571428571429
37250,923.75,6.75
37300,873.75,6.25
37350,890.4166666666666,6.416666666666667
37400,998.75,7.5
37450,973.75,7.25
37500,1216.909090909091,9.363636363636363
37550,721.8461538461538,5.0
37600,932.0833333333334,6.833333333333333
37650,806.4615384615385,5.846153846153846
37700,982.0833333333334,7.333333333333333
37750,990.4166666666666,7.416666666666667
37800,932.0833333333334,6.833333333333333
37850,1032.0833333333333,7.833333333333333
37900,791.0769230769231,5.6923076923076925
37950,1023.75,7.75
38000,932.0833333333334,6.833333333333333
38050,982.0833333333334,7.333333333333333
38100,1023.75,7.75
38150,1007.0833333333334,7.583333333333333
38200,1032.0833333333333,7.833333333333333
38250,973.75,7.25
38300,1040.4166666666667,7.916666666666667
38350,890.4166666666666,6.416666666666667
38400,821.8461538461538,6.0
38450,814.1538461538462,5.923076923076923
38500,829.5384615384615,6.076923076923077
38550,990.4166666666666,7.416666666666667
38600,837.2307692307693,6.153846153846154
38650,837.2307692307693,6.153846153846154
38700,982.0833333333334,7.333333333333333
38750,957.0833333333334,7.083333333333333
38800,783.3846153846154,5.615384615384615
38850,1116.909090909091,8.363636363636363
38900,973.75,7.25
38950,915.4166666666666,6.666666666666667
39000,990.4166666666666,7.416666666666667
39050,806.4615384615385,5.846153846153846
39100,1144.1818181818182,8.636363636363637
39150,973.75,7.25
39200,798.7692307692307,5.769230769230769
39250,1057.0833333333333,8.083333333333334
39300,1171.4545454545455,8.909090909090908
39350,814.1538461538462,5.923076923076923
39400,998.75,7.5
39450,1198.7272727272727,9.181818181818182
39500,1015.4166666666666,7.666666666666667
39550,973.75,7.25
39600,1162.3636363636363,8.818181818181818
39650,1244.1818181818182,9.636363636363637
39700,791.0769230769231,5.6923076923076925
39750,1082.0833333333333,8.333333333333334
39800,883.3846153846154,6.615384615384615
39850,982.0833333333334,7.333333333333333
39900,990.4166666666666,7.416666666666667
39950,973.75,7.25
40000,1032.0833333333333,7.833333333333333
40050,898.7692307692307,6.769230769230769
40100,1015.4166666666666,7.666666666666667
40150,1235.090909090909,9.545454545454545
40200,860.3076923076923,6.384615384615385
40250,906.4615384615385,6.846153846153846
40300,1023.75,7.75
40350,852.6153846153846,6.3076923076923075
40400,875.6923076923077,6.538461538461538
40450,990.4166666666666,7.416666666666667
40500,1098.75,8.5
40550,891.0769230769231,6.6923076923076925
40600,1048.75,8.0
40650,1057.0833333333333,8.083333333333334
40700,1090.4166666666667,8.416666666666666
40750,1032.0833333333333,7.833333333333333
40800,1073.75,8.25
40850,860.3076923076923,6.384615384615385
40900,1040.4166666666667,7.916666666666667
40950,1007.0833333333334,7.583333333333333
41000,982.0833333333334,7.333333333333333
41050,1262.3636363636363,9.818181818181818
41100,1289.6363636363637,10.090909090909092
41150,1023.75,7.75
41200,898.7692307692307,6.769230769230769
41250,1180.5454545454545,9.0
41300,990.4166666666666,7.416666666666667
41350,875.6923076923077,6.538461538461538
41400,1057.0833333333333,8.083333333333334
41450,1065.4166666666667,8.166666666666666
41500,1082.0833333333333,8.333333333333334
41550,891.0769230769231,6.6923076923076925
41600,844.9230769230769,6.230769230769231
41650,1082.0833333333333,8.333333333333334
41700,1007.0833333333334,7.583333333333333
41750,1216.909090909091,9.363636363636363
41800,1057.0833333333333,8.083333333333334
41850,1015.4166666666666,7.666666666666667
41900,1048.75,8.0
41950,883.3846153846154,6.615384615384615
42000,998.75,7.5
42050,1065.4166666666667,8.166666666666666
42100,1040.4166666666667,7.916666666666667
42150,844.9230769230769,6.230769230769231
42200,1032.0833333333333,7.833333333333333
42250,921.8461538461538,7.0
42300,868.0,6.461538461538462
42350,748.7857142857143,5.5
42400,875.6923076923077,6.538461538461538
42450,1032.0833333333333,7.833333333333333
42500,1015.4166666666666,7.666666666666667
42550,875.6923076923077,6.538461538461538
42600,921.8461538461538,7.0
42650,898.7692307692307,6.769230769230769
42700,1032.0833333333333,7.833333333333333
42750,906.4615384615385,6.846153846153846
42800,1057.0833333333333,8.083333333333334
42850,1207.8181818181818,9.272727272727273
42900,1032.0833333333333,7.833333333333333
42950,1253.2727272727273,9.727272727272727
43000,898.7692307692307,6.769230769230769
43050,1098.75,8.5
43100,1073.75,8.25
43150,1280.5454545454545,10.0
43200,837.2307692307693,6.153846153846154
43250,1040.4166666666667,7.916666666666667
43300,1057.0833333333333,8.083333333333334
43350,1090.4166666666667,8.416666666666666
43400,921.8461538461538,7.0
43450,1040.4166666666667,7.916666666666667
43500,1307.8181818181818,10.272727272727273
43550,1458.7,11.4
43600,1015.4166666666666,7.666666666666667
43650,965.4166666666666,7.166666666666667
43700,1032.0833333333333,7.833333333333333
43750,883.3846153846154,6.615384615384615
43800,1007.0833333333334,7.583333333333333
43850,1235.090909090909,9.545454545454545
43900,1073.75,8.25
43950,1189.5454545454545,9.181818181818182
44000,1235.090909090909,9.545454545454545
44050,868.0,6.461538461538462
44100,1448.7,11.3
44150,1162.3636363636363,8.818181818181818
44200,1438.7,11.2
44250,1057.0833333333333,8.083333333333334
44300,1180.5454545454545,9.0
44350,973.75,7.25
44400,883.3846153846154,6.615384615384615
44450,957.0833333333334,7.083333333333333
44500,1015.4166666666666,7.666666666666667
44550,1135.090909090909,8.545454545454545
44600,898.7692307692307,6.769230769230769
44650,791.6428571428571,5.928571428571429
44700,1040.4166666666667,7.916666666666667
44750,1253.2727272727273,9.727272727272727
44800,1144.1818181818182,8.636363636363637
44850,1207.8181818181818,9.272727272727273
44900,948.75,7.0
44950,1023.75,7.75
45000,1126.0,8.454545454545455
45050,1244.1818181818182,9.636363636363637
45100,1198.7272727272727,9.181818181818182
45150,1448.7,11.3
45200,791.6428571428571,5.928571428571429
45250,929.5384615384615,7.076923076923077
45300,952.6153846153846,7.3076923076923075
45350,1362.3636363636363,10.818181818181818
45400,1123.75,8.75
45450,1244.1818181818182,9.636363636363637
45500,960.3076923076923,7.384615384615385
45550,1090.4166666666667,8.416666666666666
45600,929.5384615384615,7.076923076923077
45650,883.3846153846154,6.615384615384615
45700,883.3846153846154,6.615384615384615
45750,1335.090909090909,10.545454545454545
45800,891.0769230769231,6.6923076923076925
45850,1082.0833333333333,8.333333333333334
45900,929.5384615384615,7.076923076923077
45950,898.7692307692307,6.769230769230769
46000,1023.75,7.75
46050,1065.4166666666667,8.166666666666666
46100,1289.6363636363637,10.090909090909092
46150,1082.0833333333333,8.333333333333334
46200,973.75,7.25
46250,1023.75,7.75
46300,1090.4166666666667,8.416666666666666
46350,1107.0833333333333,8.583333333333334
46400,1098.75,8.5
46450,1326.0,10.454545454545455
46500,1090.4166666666667,8.416666666666666
46550,929.5384615384615,7.076923076923077
46600,975.6923076923077,7.538461538461538
46650,1148.75,9.0
46700,1123.75,8.75
46750,1115.4166666666667,8.666666666666666
46800,1065.4166666666667,8.166666666666666
46850,1048.75,8.0
46900,1316.909090909091,10.363636363636363
46950,1015.4166666666666,7.666666666666667
47000,1298.7272727272727,10.181818181818182
47050,1107.0833333333333,8.583333333333334
47100,1140.4166666666667,8.916666666666666
47150,975.6923076923077,7.538461538461538
47200,1271.4545454545455,9.909090909090908
47250,1057.0833333333333,8.083333333333334
47300,883.3846153846154,6.615384615384615
47350,1082.0833333333333,8.333333333333334
47400,1123.75,8.75
47450,960.3076923076923,7.384615384615385
47500,1090.4166666666667,8.416666666666666
47550,944.9230769230769,7.230769230769231
47600,813.0714285714286,6.142857142857143
47650,960.3076923076923,7.384615384615385
47700,1014.1538461538462,7.923076923076923
47750,1165.4166666666667,9.166666666666666
47800,975.6923076923077,7.538461538461538
47850,1123.75,8.75
47900,1362.3636363636363,10.818181818181818
47950,1048.75,8.0
48000,1362.3636363636363,10.818181818181818
48050,1148.75,9.0
48100,960.3076923076923,7.384615384615385
48150,1165.4166666666667,9.166666666666666
48200,944.9230769230769,7.230769230769231
48250,1148.75,9.0
48300,1132.0833333333333,8.833333333333334
48350,960.3076923076923,7.384615384615385
48400,1157.0833333333333,9.083333333333334
48450,1140.4166666666667,8.916666666666666
48500,1190.4166666666667,9.416666666666666
48550,1098.75,8.5
48600,1132.0833333333333,8.833333333333334
48650,1115.4166666666667,8.666666666666666
48700,1232.0833333333333,9.833333333333334
48750,1190.4166666666667,9.416666666666666
48800,952.6153846153846,7.3076923076923075
48850,1082.0833333333333,8.333333333333334
48900,1371.4545454545455,10.909090909090908
48950,991.0769230769231,7.6923076923076925
49000,1380.5454545454545,11.0
49050,998.7692307692307,7.769230769230769
49100,1198.75,9.5
49150,1362.3636363636363,10.818181818181818
49200,991.0769230769231,7.6923076923076925
49250,1107.0833333333333,8.583333333333334
49300,870.2142857142857,6.714285714285714
49350,1021.8461538461538,8.0
49400,968.0,7.461538461538462
49450,1362.3636363636363,10.818181818181818
49500,1353.2727272727273,10.727272727272727
49550,1182.0833333333333,9.333333333333334
49600,1065.4166666666667,8.166666666666666
49650,1148.75,9.0
49700,944.9230769230769,7.230769230769231
49750,1173.75,9.25
49800,1182.0833333333333,9.333333333333334
49850,1123.75,8.75
49900,1157.0833333333333,9.083333333333334
49950,1207.0833333333333,9.583333333333334
50000,1435.090909090909,11.545454545454545
50050,1083.3846153846155,8.615384615384615
50100,1037.2307692307693,8.153846153846153
50150,1190.4166666666667,9.416666666666666
50200,1165.4166666666667,9.166666666666666
50250,1165.4166666666667,9.166666666666666
50300,1389.6363636363637,11.090909090909092
50350,991.0769230769231,7.6923076923076925
50400,1123.75,8.75
50450,1014.1538461538462,7.923076923076923
50500,975.6923076923077,7.538461538461538
50550,1148.75,9.0
50600,1316.909090909091,10.363636363636363
50650,1157.0833333333333,9.083333333333334
50700,998.7692307692307,7.769230769230769
50750,1057.0833333333333,8.083333333333334
50800,983.3846153846154,7.615384615384615
50850,1073.75,8.25
50900,1223.75,9.75
50950,1182.0833333333333,9.333333333333334
51000,1182.0833333333333,9.333333333333334
51050,1198.75,9.5
51100,998.7692307692307,7.769230769230769
51150,1215.4166666666667,9.666666666666666
51200,1148.75,9.0
51250,1029.5384615384614,8.076923076923077
51300,805.9285714285714,6.071428571428571
51350,944.9230769230769,7.230769230769231
51400,1165.4166666666667,9.166666666666666
51450,1157.0833333333333,9.083333333333334
51500,1335.090909090909,10.545454545454545
51550,1240.4166666666667,9.916666666666666
51600,1173.75,9.25
51650,1207.0833333333333,9.583333333333334
51700,1471.4545454545455,11.909090909090908
51750,1380.5454545454545,11.0
51800,1157.0833333333333,9.083333333333334
51850,1107.0833333333333,8.583333333333334
51900,870.2142857142857,6.714285714285714
51950,991.0769230769231,7.6923076923076925
52000,1426.0,11.454545454545455
52050,998.7692307692307,7.769230769230769
52100,1115.4166666666667,8.666666666666666
52150,1326.0,10.454545454545455
52200,834.5,6.357142857142857
52250,1075.6923076923076,8.538461538461538
52300,884.5,6.857142857142857
52350,1140.4166666666667,8.916666666666666
52400,975.6923076923077,7.538461538461538
52450,1207.0833333333333,9.583333333333334
52500,1157.0833333333333,9.083333333333334
52550,1362.3636363636363,10.818181818181818
52600,1240.4166666666667,9.916666666666666
52650,1157.0833333333333,9.083333333333334
52700,1068.0,8.461538461538462
52750,1232.0833333333333,9.833333333333334
52800,1232.0833333333333,9.833333333333334
52850,991.0769230769231,7.6923076923076925
52900,1006.4615384615385,7.846153846153846
52950,975.6923076923077,7.538461538461538
53000,891.6428571428571,6.928571428571429
53050,1060.3076923076924,8.384615384615385
53100,1075.6923076923076,8.538461538461538
53150,1416.909090909091,11.363636363636363
53200,1248.75,10.0
53250,1240.4166666666667,9.916666666666666
53300,1198.75,9.5
53350,1029.5384615384614,8.076923076923077
53400,1215.4166666666667,9.666666666666666
53450,1340.4166666666667,10.916666666666666
53500,1215.4166666666667,9.666666666666666
53550,785.4666666666667,6.066666666666666
53600,1182.0833333333333,9.333333333333334
53650,1498.7272727272727,12.181818181818182
53700,1115.4166666666667,8.666666666666666
53750,1029.5384615384614,8.076923076923077
53800,1075.6923076923076,8.538461538461538
53850,1248.75,10.0
53900,884.5,6.857142857142857
53950,998.7692307692307,7.769230769230769
54000,1052.6153846153845,8.307692307692308
54050,1068.0,8.461538461538462
54100,998.7692307692307,7.769230769230769
54150,1371.4545454545455,10.909090909090908
54200,1371.4545454545455,10.909090909090908
54250,1006.4615384615385,7.846153846153846
54300,967.9230769230769,7.538461538461538
54350,1257.0833333333333,10.083333333333334
54400,1232.0833333333333,9.833333333333334
54450,1182.0833333333333,9.333333333333334
54500,1190.4166666666667,9.416666666666666
54550,1075.6923076923076,8.538461538461538
54600,1140.4166666666667,8.916666666666666
54650,1198.75,9.5
54700,1060.3076923076924,8.384615384615385
54750,1282.0833333333333,10.333333333333334
54800,1037.2307692307693,8.153846153846153
54850,1598.7,12.8
54900,1173.75,9.25
54950,1257.0833333333333,10.083333333333334
55000,1240.4166666666667,9.916666666666666
55050,1207.0833333333333,9.583333333333334
55100,1248.75,10.0
55150,1407.8181818181818,11.272727272727273
55200,1265.4166666666667,10.166666666666666
55250,1248.75,10.0
55300,1444.1818181818182,11.636363636363637
55350,1462.3636363636363,11.818181818181818
55400,1507.8181818181818,12.272727272727273
55450,1223.75,9.75
55500,1014.1538461538462,7.923076923076923
55550,1173.75,9.25
55600,1083.3846153846155,8.615384615384615
55650,1453.2727272727273,11.727272727272727
55700,1265.4166666666667,10.166666666666666
55750,1075.6923076923076,8.538461538461538
55800,1037.2307692307693,8.153846153846153
55850,1232.0833333333333,9.833333333333334
55900,1215.4166666666667,9.666666666666666
55950,1273.75,10.25
56000,1075.6923076923076,8.538461538461538
56050,975.6923076923077,7.538461538461538
56100,1444.1818181818182,11.636363636363637
56150,1453.2727272727273,11.727272727272727
56200,877.3571428571429,6.785714285714286
56250,1223.75,9.75
56300,1157.0833333333333,9.083333333333334
56350,1068.0,8.461538461538462
56400,1060.3076923076924,8.384615384615385
56450,913.0714285714286,7.142857142857143
56500,1282.0833333333333,10.333333333333334
56550,1489.6363636363637,12.090909090909092
56600,1068.0,8.461538461538462
56650,1353.2727272727273,10.727272727272727
56700,1416.909090909091,11.363636363636363
56750,1362.3636363636363,10.818181818181818
56800,1371.4545454545455,10.909090909090908
56850,1190.4166666666667,9.416666666666666
56900,1248.75,10.0
56950,1290.4166666666667,10.416666666666666
57000,884.5,6.857142857142857
57050,1248.75,10.0
57100,1068.0,8.461538461538462
57150,920.2142857142857,7.214285714285714
57200,1240.4166666666667,9.916666666666666
57250,1232.0833333333333,9.833333333333334
57300,1075.6923076923076,8.538461538461538
57350,1257.0833333333333,10.083333333333334
57400,1190.4166666666667,9.416666666666666
57450,1021.8461538461538,8.0
57500,1232.0833333333333,9.833333333333334
57550,1728.7,14.1
57600,1480.5454545454545,12.0
57650,1240.4166666666667,9.916666666666666
57700,1668.7,13.5
57750,1273.75,10.25
57800,1198.75,9.5
57850,1444.1818181818182,11.636363636363637
57900,927.3571428571429,7.285714285714286
57950,968.0,7.461538461538462
58000,1037.2307692307693,8.153846153846153
58050,1021.8461538461538,8.0
58100,1498.7272727272727,12.181818181818182
58150,913.0714285714286,7.142857142857143
58200,1152.6153846153845,9.307692307692308
58250,1298.75,10.5
58300,1282.0833333333333,10.333333333333334
58350,1052.6153846153845,8.307692307692308
58400,1173.75,9.25
58450,1044.923076923077,8.23076923076923
58500,1232.0833333333333,9.833333333333334
58550,1052.6153846153845,8.307692307692308
58600,1315.4166666666667,10.666666666666666
58650,1544.1818181818182,12.636363636363637
58700,1323.75,10.75
58750,1021.8461538461538,8.0
58800,1282.0833333333333,10.333333333333334
58850,1365.4166666666667,11.166666666666666
58900,1114.1538461538462,8.923076923076923
58950,1098.7692307692307,8.76923076923077
59000,1223.75,9.75
59050,1332.0833333333333,10.833333333333334
59100,1152.6153846153845,9.307692307692308
59150,1298.75,10.5
59200,1152.6153846153845,9.307692307692308
59250,1348.75,11.0
59300,1137.2307692307693,9.153846153846153
59350,1340.4166666666667,10.916666666666666
59400,1315.4166666666667,10.666666666666666
59450,1265.4166666666667,10.166666666666666
59500,1357.0833333333333,11.083333333333334
59550,1535.090909090909,12.545454545454545
59600,1137.2307692307693,9.153846153846153
59650,970.2142857142857,7.714285714285714
59700,1129.5384615384614,9.076923076923077
59750,1307.0833333333333,10.583333333333334
59800,1152.6153846153845,9.307692307692308
59850,1307.0833333333333,10.583333333333334
59900,1390.4166666666667,11.416666666666666
59950,1357.0833333333333,11.083333333333334
60000,1348.75,11.0
60050,1365.4166666666667,11.166666666666666
60100,1340.4166666666667,10.916666666666666
60150,1137.2307692307693,9.153846153846153
60200,1191.076923076923,9.692307692307692
60250,1083.3846153846155,8.615384615384615
60300,1152.6153846153845,9.307692307692308
60350,1257.0833333333333,10.083333333333334
60400,1168.0,9.461538461538462
60450,1106.4615384615386,8.846153846153847
60500,1607.8181818181818,13.272727272727273
60550,1083.3846153846155,8.615384615384615
60600,1323.75,10.75
60650,1553.2727272727273,12.727272727272727
60700,1290.4166666666667,10.416666666666666
60750,1332.0833333333333,10.833333333333334
60800,1535.090909090909,12.545454545454545
60850,1160.3076923076924,9.384615384615385
60900,1373.75,11.25
60950,1507.8181818181818,12.272727272727273
61000,1471.4545454545455,11.909090909090908
61050,1273.75,10.25
61100,1526.0,12.454545454545455
61150,1332.0833333333333,10.833333333333334
61200,1160.3076923076924,9.384615384615385
61250,1114.1538461538462,8.923076923076923
61300,1598.7272727272727,13.181818181818182
61350,1315.4166666666667,10.666666666666666
61400,1160.3076923076924,9.384615384615385
61450,1444.1818181818182,11.636363636363637
61500,1114.1538461538462,8.923076923076923
61550,1589.6363636363637,13.090909090909092
61600,1198.7692307692307,9.76923076923077
61650,1121.8461538461538,9.0
61700,1034.5,8.357142857142858
61750,1075.6923076923076,8.538461538461538
61800,1480.5454545454545,12.0
61850,1332.0833333333333,10.833333333333334
61900,1114.1538461538462,8.923076923076923
61950,1160.3076923076924,9.384615384615385
62000,1357.0833333333333,11.083333333333334
62050,1191.076923076923,9.692307692307692
62100,1365.4166666666667,11.166666666666666
62150,1214.1538461538462,9.923076923076923
62200,1144.923076923077,9.23076923076923
62250,1098.7692307692307,8.76923076923077
62300,1323.75,10.75
62350,1129.5384615384614,9.076923076923077
62400,1114.1538461538462,8.923076923076923
62450,1214.1538461538462,9.923076923076923
62500,1183.3846153846155,9.615384615384615
62550,1562.3636363636363,12.818181818181818
62600,1373.75,11.25
62650,1168.0,9.461538461538462
62700,1332.0833333333333,10.833333333333334
62750,1221.8461538461538,10.0
62800,1129.5384615384614,9.076923076923077
62850,1175.6923076923076,9.538461538461538
62900,1114.1538461538462,8.923076923076923
62950,1260.3076923076924,10.384615384615385
63000,1055.9285714285713,8.571428571428571
63050,1027.357142857143,8.285714285714286
63100,1398.75,11.5
63150,1114.1538461538462,8.923076923076923
63200,984.5,7.857142857142857
63250,1398.75,11.5
63300,1013.0714285714286,8.142857142857142
63350,1323.75,10.75
63400,1191.076923076923,9.692307692307692
63450,1332.0833333333333,10.833333333333334
63500,1332.0833333333333,10.833333333333334
63550,1373.75,11.25
63600,1221.8461538461538,10.0
63650,1114.1538461538462,8.923076923076923
63700,1273.75,10.25
63750,1348.75,11.0
63800,1390.4166666666667,11.416666666666666
63850,1616.909090909091,13.363636363636363
63900,1398.75,11.5
63950,1175.6923076923076,9.538461538461538
64000,1365.4166666666667,11.166666666666666
64050,1214.1538461538462,9.923076923076923
64100,1237.2307692307693,10.153846153846153
64150,1183.3846153846155,9.615384615384615
64200,1365.4166666666667,11.166666666666666
64250,1175.6923076923076,9.538461538461538
64300,1041.642857142857,8.428571428571429
64350,1168.0,9.461538461538462
64400,1027.357142857143,8.285714285714286
64450,1373.75,11.25
64500,1144.923076923077,9.23076923076923
64550,1214.1538461538462,9.923076923076923
64600,1237.2307692307693,10.153846153846153
64650,1198.7692307692307,9.76923076923077
64700,1373.75,11.25
64750,991.6428571428571,7.928571428571429
64800,1268.0,10.461538461538462
64850,1432.0833333333333,11.833333333333334
64900,1244.923076923077,10.23076923076923
64950,1507.0833333333333,12.583333333333334
65000,1482.0833333333333,12.333333333333334
65050,1448.75,12.0
65100,1423.75,11.75
65150,1415.4166666666667,11.666666666666666
65200,1229.5384615384614,10.076923076923077
65250,1244.923076923077,10.23076923076923
65300,1268.0,10.461538461538462
65350,1698.7272727272727,14.181818181818182
65400,1473.75,12.25
65450,918.8,7.4
65500,1237.2307692307693,10.153846153846153
65550,1237.2307692307693,10.153846153846153
65600,1070.2142857142858,8.714285714285714
65650,1214.1538461538462,9.923076923076923
65700,1407.0833333333333,11.583333333333334
65750,1020.2142857142857,8.214285714285714
65800,1275.6923076923076,10.538461538461538
65850,1120.2142857142858,9.214285714285714
65900,1465.4166666666667,12.166666666666666
65950,1275.6923076923076,10.538461538461538
66000,1237.2307692307693,10.153846153846153
66050,1373.75,11.25
66100,1041.642857142857,8.428571428571429
66150,1198.7692307692307,9.76923076923077
66200,1214.1538461538462,9.923076923076923
66250,1348.75,11.0
66300,1671.4545454545455,13.909090909090908
66350,1440.4166666666667,11.916666666666666
66400,1260.3076923076924,10.384615384615385
66450,1252.6153846153845,10.307692307692308
66500,1237.2307692307693,10.153846153846153
66550,1260.3076923076924,10.384615384615385
66600,1498.75,12.5
66650,1523.75,12.75
66700,1465.4166666666667,12.166666666666666
66750,1548.75,13.0
66800,1170.2142857142858,9.714285714285714
66850,1148.7857142857142,9.5
66900,1440.4166666666667,11.916666666666666
66950,1490.4166666666667,12.416666666666666
67000,1423.75,11.75
67050,1306.4615384615386,10.846153846153847
67100,1283.3846153846155,10.615384615384615
67150,1091.642857142857,8.928571428571429
67200,1515.4166666666667,12.666666666666666
67250,1291.076923076923,10.692307692307692
67300,1237.2307692307693,10.153846153846153
67350,1515.4166666666667,12.666666666666666
67400,1448.75,12.0
67450,1091.642857142857,8.928571428571429
67500,1314.1538461538462,10.923076923076923
67550,1275.6923076923076,10.538461538461538
67600,1515.4166666666667,12.666666666666666
67650,1252.6153846153845,10.307692307692308
67700,1352.6153846153845,11.307692307692308
67750,1314.1538461538462,10.923076923076923
67800,1291.076923076923,10.692307692307692
67850,1113.0714285714287,9.142857142857142
67900,1291.076923076923,10.692307692307692
67950,938.8,7.6
68000,1038.8,8.6
68050,1329.5384615384614,11.076923076923077
68100,1360.3076923076924,11.384615384615385
68150,1148.7857142857142,9.5
68200,1155.9285714285713,9.571428571428571
68250,1507.0833333333333,12.583333333333334
68300,1507.0833333333333,12.583333333333334
68350,1291.076923076923,10.692307692307692
68400,1735.090909090909,14.545454545454545
68450,1548.75,13.0
68500,1221.8461538461538,10.0
68550,1314.1538461538462,10.923076923076923
68600,1127.357142857143,9.285714285714286
68650,1532.0833333333333,12.833333333333334
68700,1352.6153846153845,11.307692307692308
68750,1540.4166666666667,12.916666666666666
68800,1260.3076923076924,10.384615384615385
68850,1375.6923076923076,11.538461538461538
68900,1573.75,13.25
68950,1515.4166666666667,12.666666666666666
69000,1120.2142857142858,9.214285714285714
69050,1275.6923076923076,10.538461538461538
69100,1105.9285714285713,9.071428571428571
69150,1557.0833333333333,13.083333333333334
69200,1113.0714285714287,9.142857142857142
69250,1360.3076923076924,11.384615384615385
69300,1368.0,11.461538461538462
69350,1191.642857142857,9.928571428571429
69400,1141.642857142857,9.428571428571429
69450,1557.0833333333333,13.083333333333334
69500,1391.076923076923,11.692307692307692
69550,1352.6153846153845,11.307692307692308
69600,1657.0833333333333,14.083333333333334
69650,1198.7857142857142,10.0
69700,1270.2142857142858,10.714285714285714
69750,1220.2142857142858,10.214285714285714
69800,1270.2142857142858,10.714285714285714
69850,1344.923076923077,11.23076923076923
69900,1565.4166666666667,13.166666666666666
69950,1398.7692307692307,11.76923076923077
70000,1391.076923076923,11.692307692307692
70050,1429.5384615384614,12.076923076923077
70100,1548.75,13.0
70150,1155.9285714285713,9.571428571428571
70200,1532.0833333333333,12.833333333333334
70250,1540.4166666666667,12.916666666666666
70300,1548.75,13.0
70350,1383.3846153846155,11.615384615384615
70400,1565.4166666666667,13.166666666666666
70450,1291.076923076923,10.692307692307692
70500,1283.3846153846155,10.615384615384615
70550,1344.923076923077,11.23076923076923
70600,1780.5454545454545,15.0
70650,1498.75,12.5
70700,1414.1538461538462,11.923076923076923
70750,1191.642857142857,9.928571428571429
70800,1360.3076923076924,11.384615384615385
70850,1184.5,9.857142857142858
70900,1368.0,11.461538461538462
70950,1573.75,13.25
71000,1155.9285714285713,9.571428571428571
71050,1283.3846153846155,10.615384615384615
71100,1141.642857142857,9.428571428571429
71150,1375.6923076923076,11.538461538461538
71200,1141.642857142857,9.428571428571429
71250,1352.6153846153845,11.307692307692308
71300,1337.2307692307693,11.153846153846153
71350,1352.6153846153845,11.307692307692308
71400,1532.0833333333333,12.833333333333334
71450,1268.0,10.461538461538462
71500,1220.2142857142858,10.214285714285714
71550,1368.0,11.461538461538462
71600,1352.6153846153845,11.307692307692308
71650,1155.9285714285713,9.571428571428571
71700,1383.3846153846155,11.615384615384615
71750,1148.7857142857142,9.5
71800,1360.3076923076924,11.384615384615385
71850,1155.9285714285713,9.571428571428571
71900,1344.923076923077,11.23076923076923
71950,1184.5,9.857142857142858
72000,1321.8461538461538,11.0
72050,1352.6153846153845,11.307692307692308
72100,1391.076923076923,11.692307692307692
72150,1198.7857142857142,10.0
72200,1406.4615384615386,11.846153846153847
72250,1460.3076923076924,12.384615384615385
72300,1383.3846153846155,11.615384615384615
72350,1391.076923076923,11.692307692307692
72400,1475.6923076923076,12.538461538461538
72450,1673.75,14.25
72500,1234.5,10.357142857142858
72550,1391.076923076923,11.692307692307692
72600,1414.1538461538462,11.923076923076923
72650,1248.7857142857142,10.5
72700,1227.357142857143,10.285714285714286
72750,1880.5454545454545,16.0
72800,1665.4166666666667,14.166666666666666
72850,1414.1538461538462,11.923076923076923
72900,1213.0714285714287,10.142857142857142
72950,1344.923076923077,11.23076923076923
73000,1398.7692307692307,11.76923076923077
73050,1573.75,13.25
73100,1391.076923076923,11.692307692307692
73150,1398.7692307692307,11.76923076923077
73200,1198.7857142857142,10.0
73250,1163.0714285714287,9.642857142857142
73300,1391.076923076923,11.692307692307692
73350,1383.3846153846155,11.615384615384615
73400,1753.1818181818182,14.818181818181818
73450,1540.4166666666667,12.916666666666666
73500,1220.2142857142858,10.214285714285714
73550,1227.357142857143,10.285714285714286
73600,1632.0833333333333,13.833333333333334
73650,1475.6923076923076,12.538461538461538
73700,1437.2307692307693,12.153846153846153
73750,1491.076923076923,12.692307692307692
73800,1227.357142857143,10.285714285714286
73850,1406.4615384615386,11.846153846153847
73900,1421.8461538461538,12.0
73950,1177.357142857143,9.785714285714286
74000,1163.0714285714287,9.642857142857142
74050,1234.5,10.357142857142858
74100,1429.5384615384614,12.076923076923077
74150,1383.3846153846155,11.615384615384615
74200,1368.0,11.461538461538462
74250,1444.923076923077,12.23076923076923
74300,1198.7857142857142,10.0
74350,1598.75,13.5
74400,1148.7857142857142,9.5
74450,1227.357142857143,10.285714285714286
74500,1120.2142857142858,9.214285714285714
74550,1198.7857142857142,10.0
74600,1414.1538461538462,11.923076923076923
74650,1498.7692307692307,12.76923076923077
74700,1270.2142857142858,10.714285714285714
74750,1227.357142857143,10.285714285714286
74800,1414.1538461538462,11.923076923076923
74850,1460.3076923076924,12.384615384615385
74900,1184.5,9.857142857142858
74950,1414.1538461538462,11.923076923076923
75000,1398.7692307692307,11.76923076923077
75050,1444.923076923077,12.23076923076923
75100,1421.8461538461538,12.0
75150,1398.7692307692307,11.76923076923077
75200,1406.4615384615386,11.846153846153847
75250,1657.0833333333333,14.083333333333334
75300,1248.7857142857142,10.5
75350,1227.357142857143,10.285714285714286
75400,1198.7857142857142,10.0
75450,1368.0,11.461538461538462
75500,1648.75,14.0
75550,1205.9285714285713,10.071428571428571
75600,1191.642857142857,9.928571428571429
75650,1398.7692307692307,11.76923076923077
75700,1191.642857142857,9.928571428571429
75750,1078.8,9.0
75800,1277.357142857143,10.785714285714286
75850,1414.1538461538462,11.923076923076923
75900,1313.0714285714287,11.142857142857142
75950,1437.2307692307693,12.153846153846153
76000,1220.2142857142858,10.214285714285714
76050,1241.642857142857,10.428571428571429
76100,1406.4615384615386,11.846153846153847
76150,1414.1538461538462,11.923076923076923
76200,1682.0833333333333,14.333333333333334
76250,1398.7692307692307,11.76923076923077
76300,1421.8461538461538,12.0
76350,1306.4615384615386,10.846153846153847
76400,1414.1538461538462,11.923076923076923
76450,1707.0833333333333,14.583333333333334
76500,1615.4166666666667,13.666666666666666
76550,1383.3846153846155,11.615384615384615
76600,1263.0714285714287,10.642857142857142
76650,1429.5384615384614,12.076923076923077
76700,1406.4615384615386,11.846153846153847
76750,1320.2142857142858,11.214285714285714
76800,1291.642857142857,10.928571428571429
76850,1444.923076923077,12.23076923076923
76900,1673.75,14.25
76950,1483.3846153846155,12.615384615384615
77000,1437.2307692307693,12.153846153846153
77050,1673.75,14.25
77100,1213.0714285714287,10.142857142857142
77150,1640.4166666666667,13.916666666666666
77200,1907.8181818181818,16.272727272727273
77250,1444.923076923077,12.23076923076923
77300,1270.2142857142858,10.714285714285714
77350,1452.6153846153845,12.307692307692308
77400,1248.7857142857142,10.5
77450,1521.8461538461538,13.0
77500,1506.4615384615386,12.846153846153847
77550,1498.7692307692307,12.76923076923077
77600,1682.0833333333333,14.333333333333334
77650,1715.4166666666667,14.666666666666666
77700,1648.75,14.0
77750,1248.7857142857142,10.5
77800,1437.2307692307693,12.153846153846153
77850,1437.2307692307693,12.153846153846153
77900,1138.8,9.6
77950,1298.7857142857142,11.0
78000,1475.6923076923076,12.538461538461538
78050,1521.8461538461538,13.0
78100,1468.0,12.461538461538462
78150,1657.0833333333333,14.083333333333334
78200,1234.5,10.357142857142858
78250,1398.7692307692307,11.76923076923077
78300,1673.75,14.25
78350,1368.0,11.461538461538462
78400,1623.75,13.75
78450,1437.2307692307693,12.153846153846153
78500,1452.6153846153845,12.307692307692308
78550,1452.6153846153845,12.307692307692308
78600,1406.4615384615386,11.846153846153847
78650,1468.0,12.461538461538462
78700,1632.0833333333333,13.833333333333334
78750,1452.6153846153845,12.307692307692308
78800,1623.75,13.75
78850,1483.3846153846155,12.615384615384615
78900,1220.2142857142858,10.214285714285714
78950,1640.4166666666667,13.916666666666666
79000,1506.4615384615386,12.846153846153847
79050,1498.7692307692307,12.76923076923077
79100,1732.0833333333333,14.833333333333334
79150,1468.0,12.461538461538462
79200,1916.909090909091,16.363636363636363
79250,1723.75,14.75
79300,1483.3846153846155,12.615384615384615
79350,1953.2727272727273,16.727272727272727
79400,1506.4615384615386,12.846153846153847
79450,1529.5384615384614,13.076923076923077
79500,1305.9285714285713,11.071428571428571
79550,1491.076923076923,12.692307692307692
79600,1327.357142857143,11.285714285714286
79650,1521.8461538461538,13.0
79700,1475.6923076923076,12.538461538461538
79750,1334.5,11.357142857142858
79800,1740.4166666666667,14.916666666666666
79850,1682.0833333333333,14.333333333333334
79900,1682.0833333333333,14.333333333333334
79950,1989.6363636363637,17.09090909090909
80000,1313.0714285714287,11.142857142857142
80050,1334.5,11.357142857142858
80100,1521.8461538461538,13.0
80150,1765.4166666666667,15.166666666666666
80200,1483.3846153846155,12.615384615384615
80250,1552.6153846153845,13.307692307692308
80300,1263.0714285714287,10.642857142857142
80350,1348.7857142857142,11.5
80400,1698.75,14.5
80450,1334.5,11.357142857142858
80500,1313.0714285714287,11.142857142857142
80550,1491.076923076923,12.692307692307692
80600,1690.4166666666667,14.416666666666666
80650,1514.1538461538462,12.923076923076923
80700,1491.076923076923,12.692307692307692
80750,1591.076923076923,13.692307692307692
80800,1348.7857142857142,11.5
80850,1682.0833333333333,14.333333333333334
80900,1798.75,15.5
80950,1475.6923076923076,12.538461538461538
81000,1444.923076923077,12.23076923076923
81050,1320.2142857142858,11.214285714285714
81100,1320.2142857142858,11.214285714285714
81150,1498.7692307692307,12.76923076923077
81200,1673.75,14.25
81250,1460.3076923076924,12.384615384615385
81300,1138.8,9.6
81350,1444.923076923077,12.23076923076923
81400,1544.923076923077,13.23076923076923
81450,1291.642857142857,10.928571428571429
81500,1145.4666666666667,9.666666666666666
81550,1521.8461538461538,13.0
81600,1807.0833333333333,15.583333333333334
81650,1291.642857142857,10.928571428571429
81700,1568.0,13.461538461538462
81750,1591.076923076923,13.692307692307692
81800,2098.7272727272725,18.181818181818183
81850,1698.75,14.5
81900,1305.9285714285713,11.071428571428571
81950,1657.0833333333333,14.083333333333334
82000,1327.357142857143,11.285714285714286
82050,1444.923076923077,12.23076923076923
82100,1765.4166666666667,15.166666666666666
82150,1429.5384615384614,12.076923076923077
82200,1740.4166666666667,14.916666666666666
82250,1320.2142857142858,11.214285714285714
82300,1552.6153846153845,13.307692307692308
82350,1514.1538461538462,12.923076923076923
82400,1521.8461538461538,13.0
82450,1132.1333333333334,9.533333333333333
82500,1506.4615384615386,12.846153846153847
82550,1298.7857142857142,11.0
82600,1391.642857142857,11.928571428571429
82650,1491.0,12.76923076923077
82700,1537.2307692307693,13.153846153846153
82750,1544.923076923077,13.23076923076923
82800,1341.642857142857,11.428571428571429
82850,1665.4166666666667,14.166666666666666
82900,1370.2142857142858,11.714285714285714
82950,1384.5,11.857142857142858
83000,1552.6153846153845,13.307692307692308
83050,1506.4615384615386,12.846153846153847
83100,1690.4166666666667,14.416666666666666
83150,1757.0833333333333,15.083333333333334
83200,1514.1538461538462,12.923076923076923
83250,1298.7857142857142,11.0
83300,1765.4166666666667,15.166666666666666
83350,1723.75,14.75
83400,1298.7857142857142,11.0
83450,1506.4615384615386,12.846153846153847
83500,1529.5384615384614,13.076923076923077
83550,1537.2307692307693,13.153846153846153
83600,1552.6153846153845,13.307692307692308
83650,1152.1333333333334,9.733333333333333
83700,2026.0,17.454545454545453
83750,1320.2142857142858,11.214285714285714
83800,1583.3846153846155,13.615384615384615
83850,1355.9285714285713,11.571428571428571
83900,1348.7857142857142,11.5
83950,1560.3076923076924,13.384615384615385
84000,1537.2307692307693,13.153846153846153
84050,1248.7857142857142,10.5
84100,1514.1538461538462,12.923076923076923
84150,1698.75,14.5
84200,1483.3846153846155,12.615384615384615
84250,1498.7692307692307,12.76923076923077
84300,1298.7857142857142,11.0
84350,1807.0833333333333,15.583333333333334
84400,1544.923076923077,13.23076923076923
84450,1552.6153846153845,13.307692307692308
84500,1475.6923076923076,12.538461538461538
84550,1614.1538461538462,13.923076923076923
84600,1498.7692307692307,12.76923076923077
84650,1537.2307692307693,13.153846153846153
84700,1313.0714285714287,11.142857142857142
84750,1815.4166666666667,15.666666666666666
84800,1452.6153846153845,12.307692307692308
84850,1405.9285714285713,12.071428571428571
84900,1384.5,11.857142857142858
84950,1377.357142857143,11.785714285714286
85000,1514.1538461538462,12.923076923076923
85050,1782.0833333333333,15.333333333333334
85100,1498.7692307692307,12.76923076923077
85150,1682.0833333333333,14.333333333333334
85200,1498.7692307692307,12.76923076923077
85250,1460.3076923076924,12.384615384615385
85300,2026.0,17.454545454545453
85350,1475.6923076923076,12.538461538461538
85400,1270.2142857142858,10.714285714285714
85450,2044.1818181818182,17.636363636363637
85500,1327.357142857143,11.285714285714286
85550,1483.3846153846155,12.615384615384615
85600,1377.357142857143,11.785714285714286
85650,1757.0833333333333,15.083333333333334
85700,1682.0833333333333,14.333333333333334
85750,1583.3846153846155,13.615384615384615
85800,1460.3076923076924,12.384615384615385
85850,1575.6923076923076,13.538461538461538
85900,1823.75,15.75
85950,1560.3076923076924,13.384615384615385
86000,1305.9285714285713,11.071428571428571
86050,1575.6923076923076,13.538461538461538
86100,1341.642857142857,11.428571428571429
86150,1355.9285714285713,11.571428571428571
86200,1327.357142857143,11.285714285714286
86250,1355.9285714285713,11.571428571428571
86300,1782.0833333333333,15.333333333333334
86350,1568.0,13.461538461538462
86400,1370.2142857142858,11.714285714285714
86450,1552.6153846153845,13.307692307692308
86500,1320.2142857142858,11.214285714285714
86550,1591.076923076923,13.692307692307692
86600,1707.0833333333333,14.583333333333334
86650,2062.3636363636365,17.818181818181817
86700,2026.0,17.454545454545453
86750,1552.6153846153845,13.307692307692308
86800,1606.4615384615386,13.846153846153847
86850,1460.3076923076924,12.384615384615385
86900,1218.8,10.4
86950,1355.9285714285713,11.571428571428571
87000,1291.642857142857,10.928571428571429
87050,1377.357142857143,11.785714285714286
87100,1544.923076923077,13.23076923076923
87150,1665.4166666666667,14.166666666666666
87200,1405.9285714285713,12.071428571428571
87250,1583.3846153846155,13.615384615384615
87300,1413.0714285714287,12.142857142857142
87350,1552.6153846153845,13.307692307692308
87400,1506.4615384615386,12.846153846153847
87450,1320.2142857142858,11.214285714285714
87500,1384.5,11.857142857142858
87550,1591.076923076923,13.692307692307692
87600,1568.0,13.461538461538462
87650,1537.2307692307693,13.153846153846153
87700,1798.75,15.5
87750,1544.923076923077,13.23076923076923
87800,1606.4615384615386,13.846153846153847
87850,1475.6923076923076,12.538461538461538
87900,1320.2142857142858,11.214285714285714
87950,1583.3846153846155,13.615384615384615
88000,1355.9285714285713,11.571428571428571
88050,1832.0833333333333,15.833333333333334
88100,1598.7692307692307,13.76923076923077
88150,1621.8461538461538,14.0
88200,1521.8461538461538,13.0
88250,1348.7857142857142,11.5
88300,1807.0833333333333,15.583333333333334
88350,1606.4615384615386,13.846153846153847
88400,1598.7692307692307,13.76923076923077
88450,1807.0833333333333,15.583333333333334
88500,1560.3076923076924,13.384615384615385
88550,1575.6923076923076,13.538461538461538
88600,1790.4166666666667,15.416666666666666
88650,1840.4166666666667,15.916666666666666
88700,1865.4166666666667,16.166666666666668
88750,1923.75,16.75
88800,1815.4166666666667,15.666666666666666
88850,2098.7272727272725,18.181818181818183
88900,1591.076923076923,13.692307692307692
88950,2098.7272727272725,18.181818181818183
89000,1683.3846153846155,14.615384615384615
89050,1614.1538461538462,13.923076923076923
89100,1614.1538461538462,13.923076923076923
89150,1644.923076923077,14.23076923076923
89200,1691.076923076923,14.692307692307692
89250,1660.3076923076924,14.384615384615385
89300,1405.9285714285713,12.071428571428571
89350,1606.4615384615386,13.846153846153847
89400,1840.4166666666667,15.916666666666666
89450,1398.7857142857142,12.0
89500,1391.642857142857,11.928571428571429
89550,1606.4615384615386,13.846153846153847
89600,1521.8461538461538,13.0
89650,1765.4166666666667,15.166666666666666
89700,1413.0714285714287,12.142857142857142
89750,1598.7692307692307,13.76923076923077
89800,1560.3076923076924,13.384615384615385
89850,1583.3846153846155,13.615384615384615
89900,1832.0833333333333,15.833333333333334
89950,1890.4166666666667,16.416666666666668
90000,1606.4615384615386,13.846153846153847
90050,1773.75,15.25
90100,1568.0,13.461538461538462
90150,1882.0833333333333,16.333333333333332
90200,1660.3076923076924,14.384615384615385
90250,1652.6153846153845,14.307692307692308
90300,1575.6923076923076,13.538461538461538
90350,1391.642857142857,11.928571428571429
90400,1413.0714285714287,12.142857142857142
90450,2080.5454545454545,18.0
90500,1441.642857142857,12.428571428571429
90550,1583.3846153846155,13.615384615384615
90600,2126.0,18.454545454545453
90650,1637.2307692307693,14.153846153846153
90700,1865.4166666666667,16.166666666666668
90750,1757.0833333333333,15.083333333333334
90800,1334.5,11.357142857142858
90850,1521.8461538461538,13.0
90900,1832.0833333333333,15.833333333333334
90950,1865.4166666666667,16.166666666666668
91000,1823.75,15.75
91050,1591.076923076923,13.692307692307692
91100,1873.75,16.25
91150,1398.7857142857142,12.0
91200,1890.4166666666667,16.416666666666668
91250,1807.0833333333333,15.583333333333334
91300,1865.4166666666667,16.166666666666668
91350,1898.75,16.5
91400,1606.4615384615386,13.846153846153847
91450,1857.0833333333333,16.083333333333332
91500,1798.75,15.5
91550,1657.0833333333333,14.083333333333334
91600,1506.4615384615386,12.846153846153847
91650,1560.3076923076924,13.384615384615385
91700,1807.0833333333333,15.583333333333334
91750,2071.4545454545455,17.90909090909091
91800,1637.2307692307693,14.153846153846153
91850,1370.2142857142858,11.714285714285714
91900,1644.923076923077,14.23076923076923
91950,2062.3636363636365,17.818181818181817
92000,1857.0833333333333,16.083333333333332
92050,1355.9285714285713,11.571428571428571
92100,1848.75,16.0
92150,1427.357142857143,12.285714285714286
92200,1940.4166666666667,16.916666666666668
92250,1591.076923076923,13.692307692307692
92300,1668.0,14.461538461538462
92350,1675.6923076923076,14.538461538461538
92400,1675.6923076923076,14.538461538461538
92450,1427.357142857143,12.285714285714286
92500,1441.642857142857,12.428571428571429
92550,1668.0,14.461538461538462
92600,1815.4166666666667,15.666666666666666
92650,1637.2307692307693,14.153846153846153
92700,1637.2307692307693,14.153846153846153
92750,1798.75,15.5
92800,1848.75,16.0
92850,1621.8461538461538,14.0
92900,1832.0833333333333,15.833333333333334
92950,1583.3846153846155,13.615384615384615
93000,1823.75,15.75
93050,1621.8461538461538,14.0
93100,1790.4166666666667,15.416666666666666
93150,1773.75,15.25
93200,1529.5384615384614,13.076923076923077
93250,2080.5454545454545,18.0
93300,1498.7692307692307,12.76923076923077
93350,1521.8461538461538,13.0
93400,1621.8461538461538,14.0
93450,1583.3846153846155,13.615384615384615
93500,1363.0714285714287,11.642857142857142
93550,1660.3076923076924,14.384615384615385
93600,1823.75,15.75
93650,1348.7857142857142,11.5
93700,1621.8461538461538,14.0
93750,1614.1538461538462,13.923076923076923
93800,1441.642857142857,12.428571428571429
93850,1840.4166666666667,15.916666666666666
93900,1591.076923076923,13.692307692307692
93950,1865.4166666666667,16.166666666666668
94000,1621.8461538461538,14.0
94050,1398.7857142857142,12.0
94100,1832.0833333333333,15.833333333333334
94150,1583.3846153846155,13.615384615384615
94200,1907.0833333333333,16.583333333333332
94250,1882.0833333333333,16.333333333333332
94300,1637.2307692307693,14.153846153846153
94350,1606.4615384615386,13.846153846153847
94400,1591.076923076923,13.692307692307692
94450,1420.2142857142858,12.214285714285714
94500,1832.0833333333333,15.833333333333334
94550,1652.6153846153845,14.307692307692308
94600,1152.1333333333334,9.733333333333333
94650,1840.4166666666667,15.916666666666666
94700,1637.2307692307693,14.153846153846153
94750,1621.8461538461538,14.0
94800,1391.642857142857,11.928571428571429
94850,1882.0833333333333,16.333333333333332
94900,1890.4166666666667,16.416666666666668
94950,2180.5454545454545,19.0
95000,2116.909090909091,18.363636363636363
95050,2135.090909090909,18.545454545454547
95100,2198.7272727272725,19.181818181818183
95150,1413.0714285714287,12.142857142857142
95200,1790.4166666666667,15.416666666666666
95250,1606.4615384615386,13.846153846153847
95300,1652.6153846153845,14.307692307692308
95350,1560.3076923076924,13.384615384615385
95400,1560.3076923076924,13.384615384615385
95450,1614.1538461538462,13.923076923076923
95500,1840.4166666666667,15.916666666666666
95550,1782.0833333333333,15.333333333333334
95600,1857.0833333333333,16.083333333333332
95650,1940.4166666666667,16.916666666666668
95700,1915.4166666666667,16.666666666666668
95750,2235.090909090909,19.545454545454547
95800,1965.4166666666667,17.166666666666668
95850,1729.5384615384614,15.076923076923077
95900,1907.0833333333333,16.583333333333332
95950,1606.4615384615386,13.846153846153847
96000,1470.2142857142858,12.714285714285714
96050,1815.4166666666667,15.666666666666666
96100,1807.0833333333333,15.583333333333334
96150,2126.0,18.454545454545453
96200,1675.6923076923076,14.538461538461538
96250,1370.2142857142858,11.714285714285714
96300,1606.4615384615386,13.846153846153847
96350,1882.0833333333333,16.333333333333332
96400,1940.4166666666667,16.916666666666668
96450,1621.8461538461538,14.0
96500,1915.4166666666667,16.666666666666668
96550,1575.6923076923076,13.538461538461538
96600,1815.4166666666667,15.666666666666666
96650,1591.076923076923,13.692307692307692
96700,2171.4545454545455,18.90909090909091
96750,1614.1538461538462,13.923076923076923
96800,1441.642857142857,12.428571428571429
96850,1637.2307692307693,14.153846153846153
96900,1377.357142857143,11.785714285714286
96950,1644.923076923077,14.23076923076923
97000,1575.6923076923076,13.538461538461538
97050,1865.4166666666667,16.166666666666668
97100,1832.0833333333333,15.833333333333334
97150,1840.4166666666667,15.916666666666666
97200,1477.357142857143,12.785714285714286
97250,1898.75,16.5
97300,1907.0833333333333,16.583333333333332
97350,1890.4166666666667,16.416666666666668
97400,1606.4615384615386,13.846153846153847
97450,1434.5,12.357142857142858
97500,1832.0833333333333,15.833333333333334
97550,1807.0833333333333,15.583333333333334
97600,1370.2142857142858,11.714285714285714
97650,1832.0833333333333,15.833333333333334
97700,1798.75,15.5
97750,1544.923076923077,13.23076923076923
97800,1668.0,14.461538461538462
97850,1644.923076923077,14.23076923076923
97900,1660.3076923076924,14.384615384615385
97950,1675.6923076923076,14.538461538461538
98000,1857.0833333333333,16.083333333333332
98050,1823.75,15.75
98100,1652.6153846153845,14.307692307692308
98150,2116.909090909091,18.363636363636363
98200,1629.5384615384614,14.076923076923077
98250,1890.4166666666667,16.416666666666668
98300,1644.923076923077,14.23076923076923
98350,2098.7272727272725,18.181818181818183
98400,1691.076923076923,14.692307692307692
98450,1591.076923076923,13.692307692307692
98500,1560.3076923076924,13.384615384615385
98550,1384.5,11.857142857142858
98600,1890.4166666666667,16.416666666666668
98650,1591.076923076923,13.692307692307692
98700,2126.0,18.454545454545453
98750,1840.4166666666667,15.916666666666666
98800,1537.2307692307693,13.153846153846153
98850,1652.6153846153845,14.307692307692308
98900,1907.0833333333333,16.583333333333332
98950,1865.4166666666667,16.166666666666668
99000,1882.0833333333333,16.333333333333332
99050,1652.6153846153845,14.307692307692308
99100,1882.0833333333333,16.333333333333332
99150,1668.0,14.461538461538462
99200,1865.4166666666667,16.166666666666668
99250,1782.0833333333333,15.333333333333334
99300,1815.4166666666667,15.666666666666666
99350,1637.2307692307693,14.153846153846153
99400,1890.4166666666667,16.416666666666668
99450,1815.4166666666667,15.666666666666666
99500,1823.75,15.75
99550,1652.6153846153845,14.307692307692308
99600,1907.0833333333333,16.583333333333332
99650,2198.7272727272725,19.181818181818183
99700,1691.076923076923,14.692307692307692
99750,1683.3846153846155,14.615384615384615
99800,2216.909090909091,19.363636363636363
99850,1848.75,16.0
99900,1857.0833333333333,16.083333333333332
99950,1698.7692307692307,14.76923076923077
100000,1652.6153846153845,14.307692307692308
