Epoch,Time,Score,Lines Cleared
0,65.0,0.0,0.0
50,198.0,0.0,0.0
100,250.66666666666666,0.0,0.0
150,271.0,0.0,0.0
200,284.3333333333333,0.0,0.0
250,277.0,0.0,0.0
300,289.0,0.0,0.0
350,295.0,0.0,0.0
400,274.0,0.0,0.0
450,274.3333333333333,0.0,0.0
500,302.6666666666667,0.0,0.0
550,297.3333333333333,0.0,0.0
600,319.3333333333333,0.0,0.0
650,301.6666666666667,0.0,0.0
700,329.3333333333333,0.6666666666666666,0.6666666666666666
750,309.0,0.0,0.0
800,301.6666666666667,0.0,0.0
850,288.0,0.3333333333333333,0.3333333333333333
900,321.0,0.0,0.0
950,271.0,0.0,0.0
1000,303.3333333333333,0.0,0.0
1050,302.0,0.0,0.0
1100,319.0,0.3333333333333333,0.3333333333333333
1150,324.3333333333333,0.6666666666666666,0.6666666666666666
1200,299.0,0.0,0.0
1250,303.6666666666667,0.0,0.0
1300,293.0,0.3333333333333333,0.3333333333333333
1350,304.3333333333333,0.0,0.0
1400,300.0,0.3333333333333333,0.3333333333333333
1450,284.0,0.0,0.0
1500,302.0,0.3333333333333333,0.3333333333333333
1550,237.0,0.0,0.0
1600,296.6666666666667,0.0,0.0
1650,322.6666666666667,0.3333333333333333,0.3333333333333333
1700,286.6666666666667,0.3333333333333333,0.3333333333333333
1750,280.6666666666667,0.0,0.0
1800,273.6666666666667,0.0,0.0
1850,281.6666666666667,0.3333333333333333,0.3333333333333333
1900,293.6666666666667,0.0,0.0
1950,262.3333333333333,0.0,0.0
2000,321.3333333333333,0.3333333333333333,0.3333333333333333
2050,322.0,0.3333333333333333,0.3333333333333333
2100,327.0,0.0,0.0
2150,313.0,0.0,0.0
2200,298.0,0.3333333333333333,0.3333333333333333
2250,285.6666666666667,0.0,0.0
2300,319.6666666666667,0.0,0.0
2350,343.3333333333333,0.6666666666666666,0.6666666666666666
2400,314.6666666666667,0.0,0.0
2450,330.6666666666667,0.3333333333333333,0.3333333333333333
2500,300.0,0.0,0.0
2550,316.3333333333333,0.3333333333333333,0.3333333333333333
2600,327.3333333333333,0.0,0.0
2650,351.6666666666667,0.6666666666666666,0.6666666666666666
2700,314.0,0.0,0.0
2750,334.3333333333333,0.3333333333333333,0.3333333333333333
2800,327.6666666666667,0.6666666666666666,0.6666666666666666
2850,294.0,0.0,0.0
2900,316.3333333333333,0.0,0.0
2950,352.0,0.6666666666666666,0.6666666666666666
3000,340.0,0.3333333333333333,0.3333333333333333
3050,343.6666666666667,0.3333333333333333,0.3333333333333333
3100,349.6666666666667,0.6666666666666666,0.6666666666666666
3150,358.0,1.0,1.0
3200,322.0,0.6666666666666666,0.6666666666666666
3250,334.0,0.0,0.0
3300,328.3333333333333,0.0,0.0
3350,330.6666666666667,0.6666666666666666,0.6666666666666666
3400,306.6666666666667,0.3333333333333333,0.3333333333333333
3450,315.3333333333333,0.0,0.0
3500,334.3333333333333,0.3333333333333333,0.3333333333333333
3550,312.0,0.0,0.0
3600,331.3333333333333,0.3333333333333333,0.3333333333333333
3650,339.6666666666667,1.0,1.0
3700,337.0,0.3333333333333333,0.3333333333333333
3750,355.6666666666667,0.6666666666666666,0.6666666666666666
3800,340.3333333333333,0.3333333333333333,0.3333333333333333
3850,336.6666666666667,0.3333333333333333,0.3333333333333333
3900,336.6666666666667,1.0,1.0
3950,343.3333333333333,0.3333333333333333,0.3333333333333333
4000,347.6666666666667,1.3333333333333333,1.3333333333333333
4050,339.0,0.3333333333333333,0.3333333333333333
4100,355.3333333333333,1.0,1.0
4150,343.3333333333333,0.6666666666666666,0.6666666666666666
4200,312.6666666666667,0.3333333333333333,0.3333333333333333
4250,345.0,0.3333333333333333,0.3333333333333333
4300,331.3333333333333,0.3333333333333333,0.3333333333333333
4350,364.0,0.6666666666666666,0.6666666666666666
4400,357.3333333333333,1.0,1.0
4450,356.0,1.0,1.0
4500,350.3333333333333,0.3333333333333333,0.3333333333333333
4550,345.6666666666667,0.3333333333333333,0.3333333333333333
4600,358.3333333333333,1.3333333333333333,1.3333333333333333
4650,352.0,1.0,1.0
4700,350.0,1.0,1.0
4750,320.0,0.6666666666666666,0.6666666666666666
4800,357.6666666666667,0.6666666666666666,0.6666666666666666
4850,340.3333333333333,0.3333333333333333,0.3333333333333333
4900,377.3333333333333,0.6666666666666666,0.6666666666666666
4950,359.3333333333333,0.0,0.0
5000,334.0,0.6666666666666666,0.6666666666666666
5050,336.0,0.0,0.0
5100,326.0,0.3333333333333333,0.3333333333333333
5150,346.3333333333333,0.3333333333333333,0.3333333333333333
5200,370.0,1.6666666666666667,1.6666666666666667
5250,393.6666666666667,1.6666666666666667,1.6666666666666667
5300,323.3333333333333,0.3333333333333333,0.3333333333333333
5350,370.3333333333333,0.6666666666666666,0.6666666666666666
5400,345.0,1.3333333333333333,1.3333333333333333
5450,327.3333333333333,0.6666666666666666,0.6666666666666666
5500,346.6666666666667,0.0,0.0
5550,326.0,0.3333333333333333,0.3333333333333333
5600,370.0,1.3333333333333333,1.3333333333333333
5650,327.3333333333333,0.3333333333333333,0.3333333333333333
5700,331.6666666666667,1.3333333333333333,1.3333333333333333
5750,315.6666666666667,0.3333333333333333,0.3333333333333333
5800,369.0,2.0,2.0
5850,283.0,0.6666666666666666,0.6666666666666666
5900,285.3333333333333,0.0,0.0
5950,376.0,1.3333333333333333,1.3333333333333333
6000,326.0,0.0,0.0
6050,367.0,1.6666666666666667,1.6666666666666667
6100,345.0,1.0,1.0
6150,321.0,0.0,0.0
6200,319.6666666666667,0.0,0.0
6250,337.0,0.3333333333333333,0.3333333333333333
6300,396.3333333333333,2.0,2.0
6350,366.6666666666667,1.0,1.0
6400,371.6666666666667,1.6666666666666667,1.6666666666666667
6450,349.3333333333333,1.6666666666666667,1.6666666666666667
6500,373.6666666666667,2.0,2.0
6550,336.6666666666667,1.3333333333333333,1.3333333333333333
6600,386.0,2.0,2.0
6650,329.3333333333333,1.0,1.0
6700,317.3333333333333,0.6666666666666666,0.6666666666666666
6750,352.0,1.0,1.0
6800,378.0,2.0,2.0
6850,342.6666666666667,1.3333333333333333,1.3333333333333333
6900,344.3333333333333,1.3333333333333333,1.3333333333333333
6950,347.3333333333333,1.6666666666666667,1.6666666666666667
7000,355.3333333333333,1.6666666666666667,1.6666666666666667
7050,326.6666666666667,0.6666666666666666,0.6666666666666666
7100,308.6666666666667,0.0,0.0
7150,335.0,0.6666666666666666,0.6666666666666666
7200,341.3333333333333,0.6666666666666666,0.6666666666666666
7250,317.0,0.6666666666666666,0.6666666666666666
7300,285.3333333333333,0.3333333333333333,0.3333333333333333
7350,355.6666666666667,2.0,2.0
7400,320.6666666666667,0.6666666666666666,0.6666666666666666
7450,335.0,1.6666666666666667,1.6666666666666667
7500,325.0,1.0,1.0
7550,327.6666666666667,0.3333333333333333,0.3333333333333333
7600,363.0,1.3333333333333333,1.3333333333333333
7650,369.3333333333333,1.6666666666666667,1.6666666666666667
7700,308.0,0.3333333333333333,0.3333333333333333
7750,347.6666666666667,1.3333333333333333,1.3333333333333333
7800,366.6666666666667,2.0,2.0
7850,353.0,0.6666666666666666,0.6666666666666666
7900,334.3333333333333,0.6666666666666666,0.6666666666666666
7950,368.3333333333333,2.0,2.0
8000,324.3333333333333,0.6666666666666666,0.6666666666666666
8050,343.0,0.6666666666666666,0.6666666666666666
8100,315.0,0.3333333333333333,0.3333333333333333
8150,365.3333333333333,1.3333333333333333,1.3333333333333333
8200,380.0,1.6666666666666667,1.6666666666666667
8250,342.0,0.6666666666666666,0.6666666666666666
8300,390.3333333333333,2.3333333333333335,2.3333333333333335
8350,387.3333333333333,2.3333333333333335,2.3333333333333335
8400,347.0,0.6666666666666666,0.6666666666666666
8450,349.6666666666667,1.0,1.0
8500,318.3333333333333,0.0,0.0
8550,367.3333333333333,1.6666666666666667,1.6666666666666667
8600,342.3333333333333,1.0,1.0
8650,439.6666666666667,4.0,4.0
8700,362.0,1.3333333333333333,1.3333333333333333
8750,335.0,1.0,1.0
8800,324.3333333333333,0.3333333333333333,0.3333333333333333
8850,408.0,3.3333333333333335,3.3333333333333335
8900,316.6666666666667,0.6666666666666666,0.6666666666666666
8950,367.3333333333333,1.3333333333333333,1.3333333333333333
9000,342.6666666666667,1.0,1.0
9050,312.0,0.3333333333333333,0.3333333333333333
9100,359.6666666666667,1.6666666666666667,1.6666666666666667
9150,310.0,0.6666666666666666,0.6666666666666666
9200,343.0,1.6666666666666667,1.6666666666666667
9250,302.3333333333333,0.3333333333333333,0.3333333333333333
9300,335.3333333333333,2.0,2.0
9350,306.0,0.6666666666666666,0.6666666666666666
9400,353.0,2.3333333333333335,2.3333333333333335
9450,352.3333333333333,2.3333333333333335,2.3333333333333335
9500,317.0,0.6666666666666666,0.6666666666666666
9550,331.0,1.3333333333333333,1.3333333333333333
9600,356.6666666666667,3.3333333333333335,3.3333333333333335
9650,344.3333333333333,2.0,2.0
9700,315.3333333333333,1.0,1.0
9750,346.0,2.3333333333333335,2.3333333333333335
9800,315.6666666666667,0.3333333333333333,0.3333333333333333
9850,325.0,1.3333333333333333,1.3333333333333333
9900,337.3333333333333,1.6666666666666667,1.6666666666666667
9950,330.3333333333333,1.0,1.0
10000,356.0,2.0,2.0
10050,327.0,1.6666666666666667,1.6666666666666667
10100,307.0,1.0,1.0
10150,294.6666666666667,0.3333333333333333,0.3333333333333333
10200,333.6666666666667,1.0,1.0
10250,360.6666666666667,2.6666666666666665,2.6666666666666665
10300,350.0,2.3333333333333335,2.3333333333333335
10350,348.6666666666667,1.6666666666666667,1.6666666666666667
10400,319.0,1.0,1.0
10450,322.6666666666667,1.0,1.0
10500,299.6666666666667,0.3333333333333333,0.3333333333333333
10550,304.3333333333333,1.0,1.0
10600,355.3333333333333,2.6666666666666665,2.6666666666666665
10650,352.3333333333333,2.6666666666666665,2.6666666666666665
10700,335.3333333333333,2.0,2.0
10750,327.0,1.3333333333333333,1.3333333333333333
10800,321.6666666666667,0.6666666666666666,0.6666666666666666
10850,367.0,2.6666666666666665,2.6666666666666665
10900,340.0,1.0,1.0
10950,365.3333333333333,2.3333333333333335,2.3333333333333335
11000,323.0,2.0,2.0
11050,283.3333333333333,1.3333333333333333,1.3333333333333333
11100,344.0,2.0,2.0
11150,358.6666666666667,2.6666666666666665,2.6666666666666665
11200,351.0,2.6666666666666665,2.6666666666666665
11250,326.6666666666667,1.6666666666666667,1.6666666666666667
11300,321.0,1.3333333333333333,1.3333333333333333
11350,338.6666666666667,1.6666666666666667,1.6666666666666667
11400,342.3333333333333,1.6666666666666667,1.6666666666666667
11450,349.3333333333333,2.3333333333333335,2.3333333333333335
11500,287.3333333333333,1.0,1.0
11550,307.3333333333333,1.0,1.0
11600,352.3333333333333,2.3333333333333335,2.3333333333333335
11650,328.6666666666667,1.6666666666666667,1.6666666666666667
11700,376.3333333333333,3.6666666666666665,3.6666666666666665
11750,330.0,2.3333333333333335,2.3333333333333335
11800,334.3333333333333,2.3333333333333335,2.3333333333333335
11850,338.0,2.3333333333333335,2.3333333333333335
11900,347.6666666666667,2.0,2.0
11950,308.3333333333333,1.3333333333333333,1.3333333333333333
12000,344.0,2.6666666666666665,2.6666666666666665
12050,302.6666666666667,1.0,1.0
12100,300.3333333333333,1.6666666666666667,1.6666666666666667
12150,318.0,1.3333333333333333,1.3333333333333333
12200,345.0,3.0,3.0
12250,307.0,1.6666666666666667,1.6666666666666667
12300,298.6666666666667,1.3333333333333333,1.3333333333333333
12350,339.0,2.3333333333333335,2.3333333333333335
12400,325.6666666666667,2.0,2.0
12450,289.3333333333333,0.3333333333333333,0.3333333333333333
12500,313.6666666666667,1.6666666666666667,1.6666666666666667
12550,329.0,1.6666666666666667,1.6666666666666667
12600,339.3333333333333,2.3333333333333335,2.3333333333333335
12650,300.0,0.3333333333333333,0.3333333333333333
12700,317.0,2.3333333333333335,2.3333333333333335
12750,347.6666666666667,3.3333333333333335,3.3333333333333335
12800,326.3333333333333,2.3333333333333335,2.3333333333333335
12850,320.6666666666667,1.6666666666666667,1.6666666666666667
12900,289.3333333333333,1.0,1.0
12950,336.0,2.3333333333333335,2.3333333333333335
13000,346.3333333333333,2.3333333333333335,2.3333333333333335
13050,352.0,2.6666666666666665,2.6666666666666665
13100,358.3333333333333,3.3333333333333335,3.3333333333333335
13150,366.3333333333333,4.0,4.0
13200,361.6666666666667,3.3333333333333335,3.3333333333333335
13250,341.0,2.6666666666666665,2.6666666666666665
13300,319.3333333333333,1.3333333333333333,1.3333333333333333
13350,336.0,2.3333333333333335,2.3333333333333335
13400,296.6666666666667,0.6666666666666666,0.6666666666666666
13450,322.0,2.0,2.0
13500,357.0,3.0,3.0
13550,355.0,3.3333333333333335,3.3333333333333335
13600,319.0,2.0,2.0
13650,292.0,0.6666666666666666,0.6666666666666666
13700,361.3333333333333,3.6666666666666665,3.6666666666666665
13750,287.0,0.6666666666666666,0.6666666666666666
13800,346.3333333333333,2.6666666666666665,2.6666666666666665
13850,315.3333333333333,1.0,1.0
13900,319.3333333333333,1.3333333333333333,1.3333333333333333
13950,303.3333333333333,1.0,1.0
14000,330.0,2.0,2.0
14050,317.3333333333333,2.0,2.0
14100,369.0,4.333333333333333,4.333333333333333
14150,312.6666666666667,1.3333333333333333,1.3333333333333333
14200,351.6666666666667,2.6666666666666665,2.6666666666666665
14250,347.6666666666667,2.0,2.0
14300,328.3333333333333,2.0,2.0
14350,319.0,1.0,1.0
14400,376.6666666666667,3.3333333333333335,3.3333333333333335
14450,367.6666666666667,2.6666666666666665,2.6666666666666665
14500,389.6666666666667,3.3333333333333335,3.3333333333333335
14550,348.3333333333333,3.3333333333333335,3.3333333333333335
14600,377.0,3.0,3.0
14650,359.3333333333333,3.0,3.0
14700,345.6666666666667,2.3333333333333335,2.3333333333333335
14750,367.0,3.0,3.0
14800,314.3333333333333,1.3333333333333333,1.3333333333333333
14850,406.3333333333333,4.666666666666667,4.666666666666667
14900,390.6666666666667,3.6666666666666665,3.6666666666666665
14950,371.6666666666667,2.6666666666666665,2.6666666666666665
15000,325.3333333333333,1.0,1.0
15050,350.3333333333333,2.3333333333333335,2.3333333333333335
15100,336.3333333333333,2.3333333333333335,2.3333333333333335
15150,380.0,4.333333333333333,4.333333333333333
15200,338.0,2.3333333333333335,2.3333333333333335
15250,312.6666666666667,1.6666666666666667,1.6666666666666667
15300,326.3333333333333,3.0,3.0
15350,320.0,1.6666666666666667,1.6666666666666667
15400,343.3333333333333,3.3333333333333335,3.3333333333333335
15450,374.6666666666667,3.6666666666666665,3.6666666666666665
15500,361.0,2.0,2.0
15550,354.6666666666667,3.0,3.0
15600,358.0,2.6666666666666665,2.6666666666666665
15650,349.3333333333333,3.3333333333333335,3.3333333333333335
15700,329.3333333333333,2.3333333333333335,2.3333333333333335
15750,333.0,2.3333333333333335,2.3333333333333335
15800,308.0,1.3333333333333333,1.3333333333333333
15850,359.0,3.6666666666666665,3.6666666666666665
15900,329.3333333333333,2.6666666666666665,2.6666666666666665
15950,292.6666666666667,1.6666666666666667,1.6666666666666667
16000,336.0,3.0,3.0
16050,311.6666666666667,2.3333333333333335,2.3333333333333335
16100,376.0,4.333333333333333,4.333333333333333
16150,323.3333333333333,2.3333333333333335,2.3333333333333335
16200,341.3333333333333,3.0,3.0
16250,318.6666666666667,1.6666666666666667,1.6666666666666667
16300,339.6666666666667,3.6666666666666665,3.6666666666666665
16350,277.0,1.0,1.0
16400,337.3333333333333,3.3333333333333335,3.3333333333333335
16450,349.0,3.0,3.0
16500,337.6666666666667,3.0,3.0
16550,311.0,1.6666666666666667,1.6666666666666667
16600,335.6666666666667,2.6666666666666665,2.6666666666666665
16650,337.0,3.3333333333333335,3.3333333333333335
16700,382.0,5.0,5.0
16750,314.0,2.0,2.0
16800,347.6666666666667,3.3333333333333335,3.3333333333333335
16850,326.3333333333333,2.6666666666666665,2.6666666666666665
16900,328.3333333333333,2.6666666666666665,2.6666666666666665
16950,377.3333333333333,4.333333333333333,4.333333333333333
17000,324.6666666666667,2.3333333333333335,2.3333333333333335
17050,337.3333333333333,2.3333333333333335,2.3333333333333335
17100,320.3333333333333,2.3333333333333335,2.3333333333333335
17150,337.3333333333333,3.0,3.0
17200,352.3333333333333,4.0,4.0
17250,346.6666666666667,2.6666666666666665,2.6666666666666665
17300,388.3333333333333,4.333333333333333,4.333333333333333
17350,281.3333333333333,1.0,1.0
17400,296.6666666666667,1.3333333333333333,1.3333333333333333
17450,337.6666666666667,3.3333333333333335,3.3333333333333335
17500,328.3333333333333,2.6666666666666665,2.6666666666666665
17550,365.0,4.0,4.0
17600,315.3333333333333,2.0,2.0
17650,300.3333333333333,1.3333333333333333,1.3333333333333333
17700,312.0,2.6666666666666665,2.6666666666666665
17750,330.3333333333333,2.6666666666666665,2.6666666666666665
17800,333.0,3.3333333333333335,3.3333333333333335
17850,360.6666666666667,4.0,4.0
17900,362.3333333333333,4.666666666666667,4.666666666666667
17950,279.3333333333333,1.0,1.0
18000,297.3333333333333,1.0,1.0
18050,339.3333333333333,4.0,4.0
18100,329.3333333333333,3.0,3.0
18150,327.0,3.0,3.0
18200,346.3333333333333,3.3333333333333335,3.3333333333333335
18250,350.3333333333333,4.0,4.0
18300,346.0,3.0,3.0
18350,304.0,1.6666666666666667,1.6666666666666667
18400,361.6666666666667,4.0,4.0
18450,359.3333333333333,4.0,4.0
18500,341.3333333333333,3.6666666666666665,3.6666666666666665
18550,351.0,2.6666666666666665,2.6666666666666665
18600,325.6666666666667,2.0,2.0
18650,379.0,5.0,5.0
18700,344.3333333333333,3.6666666666666665,3.6666666666666665
18750,400.0,5.666666666666667,5.666666666666667
18800,292.0,1.6666666666666667,1.6666666666666667
18850,345.0,3.6666666666666665,3.6666666666666665
18900,343.6666666666667,3.3333333333333335,3.3333333333333335
18950,357.6666666666667,4.333333333333333,4.333333333333333
19000,314.6666666666667,2.0,2.0
19050,336.6666666666667,3.3333333333333335,3.3333333333333335
19100,300.6666666666667,1.6666666666666667,1.6666666666666667
19150,370.0,4.0,4.0
19200,362.3333333333333,4.333333333333333,4.333333333333333
19250,323.6666666666667,3.0,3.0
19300,382.0,5.0,5.0
19350,391.3333333333333,5.0,5.0
19400,293.6666666666667,1.3333333333333333,1.3333333333333333
19450,359.3333333333333,4.0,4.0
19500,324.6666666666667,2.0,2.0
19550,350.6666666666667,3.3333333333333335,3.3333333333333335
19600,284.3333333333333,1.6666666666666667,1.6666666666666667
19650,329.6666666666667,3.6666666666666665,3.6666666666666665
19700,362.0,4.333333333333333,4.333333333333333
19750,373.0,4.666666666666667,4.666666666666667
19800,361.3333333333333,4.0,4.0
19850,327.3333333333333,3.0,3.0
19900,374.3333333333333,5.0,5.0
19950,343.3333333333333,3.3333333333333335,3.3333333333333335
20000,335.0,3.6666666666666665,3.6666666666666665
20050,324.3333333333333,2.6666666666666665,2.6666666666666665
20100,387.3333333333333,5.0,5.0
20150,357.0,4.0,4.0
20200,366.3333333333333,4.333333333333333,4.333333333333333
20250,322.3333333333333,2.6666666666666665,2.6666666666666665
20300,334.6666666666667,3.6666666666666665,3.6666666666666665
20350,330.0,2.0,2.0
20400,284.6666666666667,0.6666666666666666,0.6666666666666666
20450,313.6666666666667,2.0,2.0
20500,321.6666666666667,3.0,3.0
20550,362.0,4.0,4.0
20600,329.3333333333333,2.6666666666666665,2.6666666666666665
20650,344.0,3.0,3.0
20700,337.0,2.6666666666666665,2.6666666666666665
20750,323.3333333333333,2.6666666666666665,2.6666666666666665
20800,330.6666666666667,3.3333333333333335,3.3333333333333335
20850,348.3333333333333,4.0,4.0
20900,381.0,5.666666666666667,5.666666666666667
20950,336.0,2.6666666666666665,2.6666666666666665
21000,343.0,3.0,3.0
21050,338.6666666666667,3.3333333333333335,3.3333333333333335
21100,320.3333333333333,2.3333333333333335,2.3333333333333335
21150,344.0,2.6666666666666665,2.6666666666666665
21200,366.3333333333333,4.333333333333333,4.333333333333333
21250,358.3333333333333,3.6666666666666665,3.6666666666666665
21300,308.3333333333333,2.3333333333333335,2.3333333333333335
21350,360.6666666666667,4.0,4.0
21400,345.6666666666667,3.0,3.0
21450,359.0,4.333333333333333,4.333333333333333
21500,327.6666666666667,3.0,3.0
21550,358.0,4.666666666666667,4.666666666666667
21600,343.0,3.6666666666666665,3.6666666666666665
21650,342.6666666666667,3.3333333333333335,3.3333333333333335
21700,385.6666666666667,5.0,5.0
21750,354.6666666666667,3.3333333333333335,3.3333333333333335
21800,374.0,5.0,5.0
21850,350.0,4.0,4.0
21900,324.3333333333333,2.0,2.0
21950,310.0,1.6666666666666667,1.6666666666666667
22000,350.3333333333333,3.6666666666666665,3.6666666666666665
22050,351.3333333333333,4.333333333333333,4.333333333333333
22100,321.0,3.0,3.0
22150,339.6666666666667,4.0,4.0
22200,310.3333333333333,2.3333333333333335,2.3333333333333335
22250,250.66666666666666,1.0,1.0
22300,363.0,4.333333333333333,4.333333333333333
22350,335.6666666666667,4.0,4.0
22400,333.3333333333333,4.0,4.0
22450,333.3333333333333,4.0,4.0
22500,329.0,3.0,3.0
22550,334.0,3.3333333333333335,3.3333333333333335
22600,368.6666666666667,5.333333333333333,5.333333333333333
22650,398.3333333333333,6.0,6.0
22700,355.6666666666667,3.6666666666666665,3.6666666666666665
22750,357.0,4.666666666666667,4.666666666666667
22800,388.0,6.0,6.0
22850,382.6666666666667,6.0,6.0
22900,377.3333333333333,4.666666666666667,4.666666666666667
22950,378.0,5.666666666666667,5.666666666666667
23000,374.0,5.333333333333333,5.333333333333333
23050,316.0,3.3333333333333335,3.3333333333333335
23100,323.0,2.6666666666666665,2.6666666666666665
23150,375.3333333333333,4.666666666666667,4.666666666666667
23200,350.6666666666667,4.666666666666667,4.666666666666667
23250,375.6666666666667,5.0,5.0
23300,376.0,5.333333333333333,5.333333333333333
23350,307.3333333333333,2.3333333333333335,2.3333333333333335
23400,382.3333333333333,5.333333333333333,5.333333333333333
23450,357.0,3.6666666666666665,3.6666666666666665
23500,341.6666666666667,4.666666666666667,4.666666666666667
23550,394.3333333333333,5.0,5.0
23600,377.0,4.666666666666667,4.666666666666667
23650,418.6666666666667,7.333333333333333,7.333333333333333
23700,368.3333333333333,4.666666666666667,4.666666666666667
23750,404.3333333333333,5.666666666666667,5.666666666666667
23800,412.3333333333333,7.0,7.0
23850,339.0,3.6666666666666665,3.6666666666666665
23900,310.3333333333333,2.6666666666666665,2.6666666666666665
23950,317.0,3.6666666666666665,3.6666666666666665
24000,358.0,4.333333333333333,4.333333333333333
24050,319.6666666666667,3.0,3.0
24100,328.6666666666667,3.6666666666666665,3.6666666666666665
24150,394.3333333333333,5.666666666666667,5.666666666666667
24200,473.3333333333333,8.666666666666666,8.666666666666666
24250,315.0,1.6666666666666667,1.6666666666666667
24300,354.0,4.333333333333333,4.333333333333333
24350,371.0,4.0,4.0
24400,288.0,1.3333333333333333,1.3333333333333333
24450,368.3333333333333,4.333333333333333,4.333333333333333
24500,389.0,5.333333333333333,5.333333333333333
24550,345.6666666666667,3.6666666666666665,3.6666666666666665
24600,410.6666666666667,7.0,7.0
24650,399.3333333333333,5.0,5.0
24700,338.0,2.0,2.0
24750,429.0,7.0,7.0
24800,379.0,4.666666666666667,4.666666666666667
24850,376.0,5.666666666666667,5.666666666666667
24900,326.3333333333333,3.0,3.0
24950,373.0,4.333333333333333,4.333333333333333
25000,377.3333333333333,4.333333333333333,4.333333333333333
25050,367.0,4.333333333333333,4.333333333333333
25100,394.0,6.0,6.0
25150,391.0,5.0,5.0
25200,336.0,3.3333333333333335,3.3333333333333335
25250,443.0,8.0,8.0
25300,364.0,5.0,5.0
25350,372.3333333333333,4.666666666666667,4.666666666666667
25400,332.0,3.0,3.0
25450,353.0,4.333333333333333,4.333333333333333
25500,372.3333333333333,4.666666666666667,4.666666666666667
25550,348.6666666666667,4.333333333333333,4.333333333333333
25600,349.0,4.333333333333333,4.333333333333333
25650,359.6666666666667,5.333333333333333,5.333333333333333
25700,373.6666666666667,5.333333333333333,5.333333333333333
25750,367.0,4.666666666666667,4.666666666666667
25800,313.3333333333333,2.3333333333333335,2.3333333333333335
25850,316.3333333333333,2.3333333333333335,2.3333333333333335
25900,385.0,6.0,6.0
25950,352.0,4.333333333333333,4.333333333333333
26000,377.3333333333333,5.666666666666667,5.666666666666667
26050,381.0,5.666666666666667,5.666666666666667
26100,336.6666666666667,3.3333333333333335,3.3333333333333335
26150,343.3333333333333,4.0,4.0
26200,401.0,6.666666666666667,6.666666666666667
26250,323.6666666666667,2.6666666666666665,2.6666666666666665
26300,292.0,2.0,2.0
26350,401.6666666666667,7.333333333333333,7.333333333333333
26400,366.0,4.666666666666667,4.666666666666667
26450,343.6666666666667,4.0,4.0
26500,335.6666666666667,3.3333333333333335,3.3333333333333335
26550,337.6666666666667,3.6666666666666665,3.6666666666666665
26600,344.3333333333333,4.0,4.0
26650,385.6666666666667,6.0,6.0
26700,361.6666666666667,5.0,5.0
26750,341.3333333333333,5.0,5.0
26800,345.0,4.333333333333333,4.333333333333333
26850,361.0,6.0,6.0
26900,343.3333333333333,4.666666666666667,4.666666666666667
26950,321.3333333333333,3.3333333333333335,3.3333333333333335
27000,338.0,5.0,5.0
27050,325.3333333333333,4.333333333333333,4.333333333333333
27100,280.0,1.0,1.0
27150,351.3333333333333,5.333333333333333,5.333333333333333
27200,380.3333333333333,6.0,6.0
27250,324.0,3.6666666666666665,3.6666666666666665
27300,367.3333333333333,6.333333333333333,6.333333333333333
27350,352.0,4.666666666666667,4.666666666666667
27400,357.6666666666667,5.333333333333333,5.333333333333333
27450,393.0,7.666666666666667,7.666666666666667
27500,348.6666666666667,5.0,5.0
27550,389.6666666666667,7.333333333333333,7.333333333333333
27600,363.6666666666667,7.0,7.0
27650,341.0,5.666666666666667,5.666666666666667
27700,367.3333333333333,5.666666666666667,5.666666666666667
27750,343.0,4.333333333333333,4.333333333333333
27800,348.6666666666667,5.333333333333333,5.333333333333333
27850,327.0,4.333333333333333,4.333333333333333
27900,356.0,5.0,5.0
27950,344.3333333333333,4.333333333333333,4.333333333333333
28000,367.6666666666667,6.0,6.0
28050,348.6666666666667,4.333333333333333,4.333333333333333
28100,368.6666666666667,5.666666666666667,5.666666666666667
28150,384.6666666666667,6.333333333333333,6.333333333333333
28200,316.0,3.0,3.0
28250,354.0,5.333333333333333,5.333333333333333
28300,376.6666666666667,6.0,6.0
28350,302.0,2.6666666666666665,2.6666666666666665
28400,327.0,4.333333333333333,4.333333333333333
28450,329.3333333333333,3.6666666666666665,3.6666666666666665
28500,344.6666666666667,5.333333333333333,5.333333333333333
28550,333.0,4.666666666666667,4.666666666666667
28600,343.0,4.666666666666667,4.666666666666667
28650,380.6666666666667,7.666666666666667,7.666666666666667
28700,364.3333333333333,6.666666666666667,6.666666666666667
28750,277.0,2.3333333333333335,2.3333333333333335
28800,375.3333333333333,6.666666666666667,6.666666666666667
28850,300.6666666666667,3.0,3.0
28900,286.3333333333333,4.666666666666667,4.666666666666667
28950,327.0,3.6666666666666665,3.6666666666666665
29000,328.6666666666667,4.666666666666667,4.666666666666667
29050,365.3333333333333,6.0,6.0
29100,387.3333333333333,6.666666666666667,6.666666666666667
29150,388.3333333333333,7.666666666666667,7.666666666666667
29200,358.0,5.666666666666667,5.666666666666667
29250,308.3333333333333,4.0,4.0
29300,312.0,3.3333333333333335,3.3333333333333335
29350,327.0,4.0,4.0
29400,336.6666666666667,5.666666666666667,5.666666666666667
29450,375.0,7.333333333333333,7.333333333333333
29500,357.3333333333333,6.333333333333333,6.333333333333333
29550,317.0,3.6666666666666665,3.6666666666666665
29600,363.0,6.666666666666667,6.666666666666667
29650,291.0,3.0,3.0
29700,340.0,5.0,5.0
29750,306.6666666666667,5.666666666666667,5.666666666666667
29800,336.6666666666667,5.333333333333333,5.333333333333333
29850,291.0,3.3333333333333335,3.3333333333333335
29900,316.6666666666667,4.0,4.0
29950,313.0,5.333333333333333,5.333333333333333
30000,365.3333333333333,7.333333333333333,7.333333333333333
30050,340.6666666666667,5.333333333333333,5.333333333333333
30100,360.6666666666667,7.0,7.0
30150,321.0,4.0,4.0
30200,306.3333333333333,4.0,4.0
30250,377.3333333333333,7.333333333333333,7.333333333333333
30300,372.6666666666667,7.666666666666667,7.666666666666667
30350,318.3333333333333,3.6666666666666665,3.6666666666666665
30400,336.3333333333333,5.666666666666667,5.666666666666667
30450,340.6666666666667,5.666666666666667,5.666666666666667
30500,403.0,9.0,9.0
30550,363.0,6.666666666666667,6.666666666666667
30600,351.6666666666667,6.666666666666667,6.666666666666667
30650,353.0,6.333333333333333,6.333333333333333
30700,316.3333333333333,4.666666666666667,4.666666666666667
30750,312.3333333333333,5.666666666666667,5.666666666666667
30800,381.3333333333333,8.333333333333334,8.333333333333334
30850,332.6666666666667,4.666666666666667,4.666666666666667
30900,340.0,5.0,5.0
30950,365.6666666666667,7.333333333333333,7.333333333333333
31000,373.0,7.0,7.0
31050,380.3333333333333,8.0,8.0
31100,302.0,3.3333333333333335,3.3333333333333335
31150,373.6666666666667,7.666666666666667,7.666666666666667
31200,393.6666666666667,8.666666666666666,8.666666666666666
31250,322.0,4.666666666666667,4.666666666666667
31300,342.6666666666667,5.0,5.0
31350,318.6666666666667,3.6666666666666665,3.6666666666666665
31400,416.0,9.333333333333334,9.333333333333334
31450,327.3333333333333,4.666666666666667,4.666666666666667
31500,436.6666666666667,11.0,11.0
31550,329.0,4.666666666666667,4.666666666666667
31600,374.0,7.0,7.0
31650,375.3333333333333,7.666666666666667,7.666666666666667
31700,323.3333333333333,6.0,6.0
31750,342.3333333333333,6.0,6.0
31800,431.6666666666667,10.333333333333334,10.333333333333334
31850,326.0,5.333333333333333,5.333333333333333
31900,293.6666666666667,3.3333333333333335,3.3333333333333335
31950,316.0,4.333333333333333,4.333333333333333
32000,368.6666666666667,7.666666666666667,7.666666666666667
32050,329.3333333333333,5.0,5.0
32100,328.6666666666667,4.666666666666667,4.666666666666667
32150,385.3333333333333,8.0,8.0
32200,362.0,7.333333333333333,7.333333333333333
32250,399.3333333333333,9.333333333333334,9.333333333333334
32300,351.6666666666667,6.333333333333333,6.333333333333333
32350,331.0,4.333333333333333,4.333333333333333
32400,338.3333333333333,5.333333333333333,5.333333333333333
32450,290.6666666666667,2.6666666666666665,2.6666666666666665
32500,301.0,3.3333333333333335,3.3333333333333335
32550,356.6666666666667,6.333333333333333,6.333333333333333
32600,342.3333333333333,5.666666666666667,5.666666666666667
32650,346.0,7.0,7.0
32700,326.0,5.333333333333333,5.333333333333333
32750,366.0,7.333333333333333,7.333333333333333
32800,344.6666666666667,6.333333333333333,6.333333333333333
32850,326.0,6.0,6.0
32900,331.0,6.0,6.0
32950,270.0,3.0,3.0
33000,321.6666666666667,4.666666666666667,4.666666666666667
33050,305.0,4.0,4.0
33100,285.6666666666667,4.0,4.0
33150,392.3333333333333,8.333333333333334,8.333333333333334
33200,339.6666666666667,5.666666666666667,5.666666666666667
33250,310.0,4.333333333333333,4.333333333333333
33300,391.0,8.333333333333334,8.333333333333334
33350,329.3333333333333,5.333333333333333,5.333333333333333
33400,282.0,2.3333333333333335,2.3333333333333335
33450,359.3333333333333,6.333333333333333,6.333333333333333
33500,343.0,6.0,6.0
33550,346.3333333333333,6.666666666666667,6.666666666666667
33600,300.0,3.6666666666666665,3.6666666666666665
33650,354.0,7.333333333333333,7.333333333333333
33700,332.3333333333333,5.666666666666667,5.666666666666667
33750,331.0,5.666666666666667,5.666666666666667
33800,388.3333333333333,9.333333333333334,9.333333333333334
33850,330.3333333333333,5.333333333333333,5.333333333333333
33900,367.6666666666667,8.333333333333334,8.333333333333334
33950,384.6666666666667,8.333333333333334,8.333333333333334
34000,397.0,10.0,10.0
34050,335.3333333333333,6.333333333333333,6.333333333333333
34100,391.0,8.666666666666666,8.666666666666666
34150,375.0,8.0,8.0
34200,323.0,5.333333333333333,5.333333333333333
34250,322.0,5.333333333333333,5.333333333333333
34300,297.3333333333333,4.666666666666667,4.666666666666667
34350,313.3333333333333,5.0,5.0
34400,298.3333333333333,5.0,5.0
34450,335.0,6.666666666666667,6.666666666666667
34500,392.6666666666667,9.0,9.0
34550,423.3333333333333,10.333333333333334,10.333333333333334
34600,334.6666666666667,6.333333333333333,6.333333333333333
34650,325.0,6.0,6.0
34700,418.6666666666667,10.0,10.0
34750,340.0,5.333333333333333,5.333333333333333
34800,406.3333333333333,9.666666666666666,9.666666666666666
34850,332.6666666666667,6.0,6.0
34900,342.0,6.333333333333333,6.333333333333333
34950,378.6666666666667,8.333333333333334,8.333333333333334
35000,431.3333333333333,10.666666666666666,10.666666666666666
35050,348.3333333333333,7.0,7.0
35100,338.3333333333333,7.0,7.0
35150,312.6666666666667,4.666666666666667,4.666666666666667
35200,297.3333333333333,4.333333333333333,4.333333333333333
35250,380.6666666666667,9.666666666666666,9.666666666666666
35300,348.0,6.666666666666667,6.666666666666667
35350,342.3333333333333,6.666666666666667,6.666666666666667
35400,296.0,4.0,4.0
35450,384.3333333333333,9.0,9.0
35500,322.3333333333333,5.333333333333333,5.333333333333333
35550,301.3333333333333,5.0,5.0
35600,394.6666666666667,10.0,10.0
35650,361.3333333333333,8.0,8.0
35700,367.3333333333333,8.0,8.0
35750,325.0,5.333333333333333,5.333333333333333
35800,352.0,8.0,8.0
35850,339.0,6.0,6.0
35900,294.3333333333333,4.0,4.0
35950,374.6666666666667,9.0,9.0
36000,384.6666666666667,9.0,9.0
36050,401.3333333333333,10.0,10.0
36100,391.6666666666667,9.666666666666666,9.666666666666666
36150,377.6666666666667,8.666666666666666,8.666666666666666
36200,290.6666666666667,3.6666666666666665,3.6666666666666665
36250,302.0,4.0,4.0
36300,344.3333333333333,6.0,6.0
36350,382.3333333333333,8.0,8.0
36400,336.6666666666667,6.0,6.0
36450,324.3333333333333,5.0,5.0
36500,353.6666666666667,6.333333333333333,6.333333333333333
36550,371.0,7.333333333333333,7.333333333333333
36600,362.3333333333333,7.0,7.0
36650,350.6666666666667,6.666666666666667,6.666666666666667
36700,343.3333333333333,6.0,6.0
36750,354.3333333333333,6.666666666666667,6.666666666666667
36800,377.3333333333333,8.0,8.0
36850,419.0,9.666666666666666,9.666666666666666
36900,348.6666666666667,6.666666666666667,6.666666666666667
36950,355.0,6.666666666666667,6.666666666666667
37000,345.3333333333333,6.333333333333333,6.333333333333333
37050,368.6666666666667,7.333333333333333,7.333333333333333
37100,357.6666666666667,7.333333333333333,7.333333333333333
37150,282.6666666666667,4.0,4.0
37200,327.3333333333333,6.666666666666667,6.666666666666667
37250,336.0,5.666666666666667,5.666666666666667
37300,394.3333333333333,8.333333333333334,8.333333333333334
37350,270.3333333333333,3.0,3.0
37400,306.3333333333333,4.333333333333333,4.333333333333333
37450,379.0,9.0,9.0
37500,394.3333333333333,9.333333333333334,9.333333333333334
37550,395.0,9.0,9.0
37600,356.6666666666667,6.666666666666667,6.666666666666667
37650,316.6666666666667,5.666666666666667,5.666666666666667
37700,374.0,8.333333333333334,8.333333333333334
37750,349.6666666666667,6.666666666666667,6.666666666666667
37800,308.0,6.0,6.0
37850,389.0,9.333333333333334,9.333333333333334
37900,400.0,8.666666666666666,8.666666666666666
37950,415.6666666666667,10.666666666666666,10.666666666666666
38000,355.3333333333333,7.333333333333333,7.333333333333333
38050,329.6666666666667,5.666666666666667,5.666666666666667
38100,348.3333333333333,7.0,7.0
38150,367.0,8.666666666666666,8.666666666666666
38200,419.3333333333333,10.666666666666666,10.666666666666666
38250,327.6666666666667,6.666666666666667,6.666666666666667
38300,394.6666666666667,10.0,10.0
38350,334.6666666666667,5.666666666666667,5.666666666666667
38400,366.0,7.333333333333333,7.333333333333333
38450,373.0,8.666666666666666,8.666666666666666
38500,373.6666666666667,8.333333333333334,8.333333333333334
38550,374.3333333333333,8.666666666666666,8.666666666666666
38600,297.6666666666667,4.0,4.0
38650,340.6666666666667,6.666666666666667,6.666666666666667
38700,366.3333333333333,8.0,8.0
38750,397.6666666666667,9.0,9.0
38800,356.0,8.0,8.0
38850,352.0,7.333333333333333,7.333333333333333
38900,346.3333333333333,7.333333333333333,7.333333333333333
38950,341.6666666666667,6.666666666666667,6.666666666666667
39000,398.6666666666667,10.333333333333334,10.333333333333334
39050,340.0,6.666666666666667,6.666666666666667
39100,306.0,4.666666666666667,4.666666666666667
39150,326.3333333333333,5.666666666666667,5.666666666666667
39200,299.3333333333333,4.333333333333333,4.333333333333333
39250,323.0,6.0,6.0
39300,458.3333333333333,13.0,13.0
39350,395.6666666666667,10.0,10.0
39400,351.6666666666667,8.0,8.0
39450,470.0,13.333333333333334,13.333333333333334
39500,358.3333333333333,7.666666666666667,7.666666666666667
39550,436.6666666666667,13.333333333333334,13.333333333333334
39600,380.0,9.666666666666666,9.666666666666666
39650,262.0,3.0,3.0
39700,352.6666666666667,8.0,8.0
39750,368.3333333333333,8.666666666666666,8.666666666666666
39800,309.6666666666667,5.666666666666667,5.666666666666667
39850,374.6666666666667,9.666666666666666,9.666666666666666
39900,315.6666666666667,5.333333333333333,5.333333333333333
39950,344.0,7.333333333333333,7.333333333333333
40000,328.3333333333333,7.0,7.0
40050,282.3333333333333,4.333333333333333,4.333333333333333
40100,321.6666666666667,6.333333333333333,6.333333333333333
40150,321.0,7.333333333333333,7.333333333333333
40200,336.3333333333333,7.0,7.0
40250,323.6666666666667,6.333333333333333,6.333333333333333
40300,373.0,8.666666666666666,8.666666666666666
40350,346.3333333333333,8.333333333333334,8.333333333333334
40400,292.3333333333333,4.333333333333333,4.333333333333333
40450,337.6666666666667,6.666666666666667,6.666666666666667
40500,345.3333333333333,7.333333333333333,7.333333333333333
40550,390.6666666666667,10.0,10.0
40600,393.6666666666667,11.0,11.0
40650,264.6666666666667,2.3333333333333335,2.3333333333333335
40700,270.6666666666667,3.0,3.0
40750,330.0,6.333333333333333,6.333333333333333
40800,375.6666666666667,10.0,10.0
40850,334.3333333333333,6.666666666666667,6.666666666666667
40900,341.6666666666667,7.666666666666667,7.666666666666667
40950,376.0,9.333333333333334,9.333333333333334
41000,295.6666666666667,4.666666666666667,4.666666666666667
41050,323.0,6.0,6.0
41100,394.6666666666667,11.0,11.0
41150,311.3333333333333,6.0,6.0
41200,323.3333333333333,7.333333333333333,7.333333333333333
41250,347.3333333333333,8.0,8.0
41300,337.0,7.666666666666667,7.666666666666667
41350,353.3333333333333,7.666666666666667,7.666666666666667
41400,318.6666666666667,6.666666666666667,6.666666666666667
41450,308.3333333333333,5.666666666666667,5.666666666666667
41500,298.6666666666667,6.0,6.0
41550,360.3333333333333,9.0,9.0
41600,358.3333333333333,8.333333333333334,8.333333333333334
41650,345.0,7.666666666666667,7.666666666666667
41700,343.3333333333333,7.333333333333333,7.333333333333333
41750,378.6666666666667,9.666666666666666,9.666666666666666
41800,357.0,8.333333333333334,8.333333333333334
41850,304.0,4.666666666666667,4.666666666666667
41900,328.6666666666667,6.666666666666667,6.666666666666667
41950,345.6666666666667,8.333333333333334,8.333333333333334
42000,335.6666666666667,7.333333333333333,7.333333333333333
42050,325.0,6.333333333333333,6.333333333333333
42100,335.6666666666667,6.666666666666667,6.666666666666667
42150,345.0,8.333333333333334,8.333333333333334
42200,323.3333333333333,6.333333333333333,6.333333333333333
42250,401.3333333333333,11.333333333333334,11.333333333333334
42300,404.6666666666667,11.333333333333334,11.333333333333334
42350,284.0,4.666666666666667,4.666666666666667
42400,326.3333333333333,5.666666666666667,5.666666666666667
42450,338.3333333333333,7.333333333333333,7.333333333333333
42500,348.0,7.666666666666667,7.666666666666667
42550,358.3333333333333,8.0,8.0
42600,344.3333333333333,7.666666666666667,7.666666666666667
42650,314.6666666666667,6.333333333333333,6.333333333333333
42700,382.3333333333333,11.666666666666666,11.666666666666666
42750,322.6666666666667,7.0,7.0
42800,377.0,9.666666666666666,9.666666666666666
42850,422.3333333333333,13.0,13.0
42900,301.3333333333333,5.333333333333333,5.333333333333333
42950,312.6666666666667,6.0,6.0
43000,426.3333333333333,12.666666666666666,12.666666666666666
43050,320.6666666666667,6.333333333333333,6.333333333333333
43100,401.3333333333333,11.666666666666666,11.666666666666666
43150,327.3333333333333,8.0,8.0
43200,384.0,9.0,9.0
43250,389.0,10.0,10.0
43300,352.3333333333333,8.0,8.0
43350,351.0,8.0,8.0
43400,339.0,7.0,7.0
43450,379.6666666666667,10.333333333333334,10.333333333333334
43500,374.3333333333333,10.333333333333334,10.333333333333334
43550,281.6666666666667,4.333333333333333,4.333333333333333
43600,280.6666666666667,4.333333333333333,4.333333333333333
43650,348.0,7.666666666666667,7.666666666666667
43700,460.3333333333333,13.666666666666666,13.666666666666666
43750,315.0,5.333333333333333,5.333333333333333
43800,325.0,7.333333333333333,7.333333333333333
43850,426.0,12.333333333333334,12.333333333333334
43900,356.3333333333333,8.0,8.0
43950,440.0,12.333333333333334,12.333333333333334
44000,462.3333333333333,13.666666666666666,13.666666666666666
44050,324.6666666666667,7.666666666666667,7.666666666666667
44100,409.0,10.333333333333334,10.333333333333334
44150,392.6666666666667,10.0,10.0
44200,368.6666666666667,9.0,9.0
44250,474.0,14.333333333333334,14.333333333333334
44300,340.0,7.666666666666667,7.666666666666667
44350,336.6666666666667,6.666666666666667,6.666666666666667
44400,354.3333333333333,8.666666666666666,8.666666666666666
44450,438.3333333333333,12.666666666666666,12.666666666666666
44500,325.0,6.666666666666667,6.666666666666667
44550,290.0,5.333333333333333,5.333333333333333
44600,285.3333333333333,4.333333333333333,4.333333333333333
44650,380.3333333333333,10.333333333333334,10.333333333333334
44700,415.0,12.0,12.0
44750,365.3333333333333,9.0,9.0
44800,438.6666666666667,12.0,12.0
44850,375.3333333333333,9.333333333333334,9.333333333333334
44900,348.6666666666667,7.333333333333333,7.333333333333333
44950,371.0,8.333333333333334,8.333333333333334
45000,377.3333333333333,9.666666666666666,9.666666666666666
45050,331.3333333333333,7.0,7.0
45100,326.3333333333333,7.0,7.0
45150,416.6666666666667,12.333333333333334,12.333333333333334
45200,449.3333333333333,14.666666666666666,14.666666666666666
45250,308.6666666666667,4.666666666666667,4.666666666666667
45300,383.0,9.666666666666666,9.666666666666666
45350,338.6666666666667,8.0,8.0
45400,350.0,8.666666666666666,8.666666666666666
45450,371.3333333333333,10.0,10.0
45500,289.0,4.666666666666667,4.666666666666667
45550,340.6666666666667,8.0,8.0
45600,344.6666666666667,7.666666666666667,7.666666666666667
45650,314.0,7.666666666666667,7.666666666666667
45700,316.0,6.666666666666667,6.666666666666667
45750,429.6666666666667,13.0,13.0
45800,324.0,6.666666666666667,6.666666666666667
45850,360.6666666666667,8.666666666666666,8.666666666666666
45900,397.0,10.333333333333334,10.333333333333334
45950,387.3333333333333,10.333333333333334,10.333333333333334
46000,329.3333333333333,7.333333333333333,7.333333333333333
46050,421.0,12.333333333333334,12.333333333333334
46100,354.3333333333333,8.0,8.0
46150,332.0,7.333333333333333,7.333333333333333
46200,327.3333333333333,6.333333333333333,6.333333333333333
46250,316.6666666666667,6.666666666666667,6.666666666666667
46300,354.3333333333333,8.666666666666666,8.666666666666666
46350,365.6666666666667,8.666666666666666,8.666666666666666
46400,365.6666666666667,9.333333333333334,9.333333333333334
46450,272.6666666666667,4.0,4.0
46500,315.6666666666667,6.0,6.0
46550,265.0,4.333333333333333,4.333333333333333
46600,351.6666666666667,9.0,9.0
46650,357.6666666666667,9.0,9.0
46700,349.0,9.0,9.0
46750,335.0,7.333333333333333,7.333333333333333
46800,320.0,7.333333333333333,7.333333333333333
46850,315.0,6.333333333333333,6.333333333333333
46900,333.3333333333333,7.0,7.0
46950,371.0,9.333333333333334,9.333333333333334
47000,358.6666666666667,9.666666666666666,9.666666666666666
47050,350.3333333333333,8.666666666666666,8.666666666666666
47100,406.6666666666667,13.0,13.0
47150,330.0,6.333333333333333,6.333333333333333
47200,340.6666666666667,8.333333333333334,8.333333333333334
47250,354.0,9.0,9.0
47300,329.6666666666667,6.666666666666667,6.666666666666667
47350,359.6666666666667,8.666666666666666,8.666666666666666
47400,349.0,8.666666666666666,8.666666666666666
47450,340.0,8.333333333333334,8.333333333333334
47500,310.6666666666667,6.333333333333333,6.333333333333333
47550,372.3333333333333,9.0,9.0
47600,377.0,10.0,10.0
47650,347.6666666666667,9.333333333333334,9.333333333333334
47700,374.6666666666667,11.0,11.0
47750,392.0,11.666666666666666,11.666666666666666
47800,307.0,5.666666666666667,5.666666666666667
47850,366.6666666666667,8.333333333333334,8.333333333333334
47900,384.3333333333333,10.0,10.0
47950,375.6666666666667,10.0,10.0
48000,249.66666666666666,2.6666666666666665,2.6666666666666665
48050,320.6666666666667,7.0,7.0
48100,350.3333333333333,8.666666666666666,8.666666666666666
48150,317.3333333333333,7.0,7.0
48200,375.6666666666667,10.0,10.0
48250,370.3333333333333,10.0,10.0
48300,317.3333333333333,7.666666666666667,7.666666666666667
48350,328.6666666666667,7.666666666666667,7.666666666666667
48400,316.3333333333333,7.333333333333333,7.333333333333333
48450,368.3333333333333,10.0,10.0
48500,340.3333333333333,8.0,8.0
48550,361.6666666666667,10.0,10.0
48600,373.3333333333333,11.333333333333334,11.333333333333334
48650,327.6666666666667,7.333333333333333,7.333333333333333
48700,296.6666666666667,5.666666666666667,5.666666666666667
48750,424.0,14.0,14.0
48800,303.0,6.666666666666667,6.666666666666667
48850,386.6666666666667,11.0,11.0
48900,325.0,7.333333333333333,7.333333333333333
48950,331.0,7.666666666666667,7.666666666666667
49000,363.3333333333333,10.333333333333334,10.333333333333334
49050,293.3333333333333,6.0,6.0
49100,373.6666666666667,10.666666666666666,10.666666666666666
49150,345.3333333333333,8.333333333333334,8.333333333333334
49200,270.3333333333333,4.333333333333333,4.333333333333333
49250,353.3333333333333,9.333333333333334,9.333333333333334
49300,384.3333333333333,11.333333333333334,11.333333333333334
49350,360.6666666666667,10.333333333333334,10.333333333333334
49400,349.3333333333333,8.666666666666666,8.666666666666666
49450,350.3333333333333,9.333333333333334,9.333333333333334
49500,401.0,11.333333333333334,11.333333333333334
49550,302.3333333333333,6.333333333333333,6.333333333333333
49600,310.0,7.333333333333333,7.333333333333333
49650,327.3333333333333,7.666666666666667,7.666666666666667
49700,335.6666666666667,9.333333333333334,9.333333333333334
49750,391.3333333333333,11.0,11.0
49800,356.3333333333333,10.0,10.0
49850,326.3333333333333,7.0,7.0
49900,398.6666666666667,13.0,13.0
49950,427.3333333333333,14.666666666666666,14.666666666666666
50000,320.3333333333333,6.666666666666667,6.666666666666667
50050,311.6666666666667,7.0,7.0
50100,373.3333333333333,11.0,11.0
50150,376.3333333333333,11.0,11.0
50200,350.3333333333333,9.0,9.0
50250,351.6666666666667,8.666666666666666,8.666666666666666
50300,362.3333333333333,9.666666666666666,9.666666666666666
50350,399.0,12.333333333333334,12.333333333333334
50400,343.6666666666667,9.666666666666666,9.666666666666666
50450,334.3333333333333,8.333333333333334,8.333333333333334
50500,358.6666666666667,9.333333333333334,9.333333333333334
50550,342.6666666666667,8.0,8.0
50600,274.3333333333333,6.333333333333333,6.333333333333333
50650,362.0,10.0,10.0
50700,371.3333333333333,10.333333333333334,10.333333333333334
50750,362.3333333333333,10.666666666666666,10.666666666666666
50800,426.3333333333333,14.0,14.0
50850,313.0,6.666666666666667,6.666666666666667
50900,364.0,10.666666666666666,10.666666666666666
50950,348.3333333333333,9.666666666666666,9.666666666666666
51000,354.0,9.333333333333334,9.333333333333334
51050,350.0,9.0,9.0
51100,318.0,7.333333333333333,7.333333333333333
51150,361.0,9.666666666666666,9.666666666666666
51200,314.3333333333333,6.333333333333333,6.333333333333333
51250,415.6666666666667,12.333333333333334,12.333333333333334
51300,267.6666666666667,3.6666666666666665,3.6666666666666665
51350,304.0,5.666666666666667,5.666666666666667
51400,361.3333333333333,10.0,10.0
51450,358.0,9.333333333333334,9.333333333333334
51500,288.0,6.0,6.0
51550,412.0,13.333333333333334,13.333333333333334
51600,386.3333333333333,12.0,12.0
51650,336.6666666666667,8.666666666666666,8.666666666666666
51700,388.3333333333333,12.0,12.0
51750,391.3333333333333,11.333333333333334,11.333333333333334
51800,383.6666666666667,12.0,12.0
51850,375.0,10.0,10.0
51900,342.6666666666667,8.333333333333334,8.333333333333334
51950,340.0,8.333333333333334,8.333333333333334
52000,329.0,7.666666666666667,7.666666666666667
52050,389.0,12.333333333333334,12.333333333333334
52100,331.6666666666667,8.333333333333334,8.333333333333334
52150,384.6666666666667,11.333333333333334,11.333333333333334
52200,363.0,10.333333333333334,10.333333333333334
52250,362.6666666666667,10.0,10.0
52300,374.6666666666667,11.333333333333334,11.333333333333334
52350,396.0,11.333333333333334,11.333333333333334
52400,315.3333333333333,7.333333333333333,7.333333333333333
52450,341.3333333333333,9.666666666666666,9.666666666666666
52500,294.0,5.666666666666667,5.666666666666667
52550,362.0,10.666666666666666,10.666666666666666
52600,317.3333333333333,7.0,7.0
52650,354.6666666666667,9.666666666666666,9.666666666666666
52700,345.6666666666667,9.666666666666666,9.666666666666666
52750,305.6666666666667,7.333333333333333,7.333333333333333
52800,306.6666666666667,7.333333333333333,7.333333333333333
52850,390.0,12.0,12.0
52900,337.6666666666667,9.0,9.0
52950,339.6666666666667,9.0,9.0
53000,355.6666666666667,10.333333333333334,10.333333333333334
53050,317.6666666666667,8.0,8.0
53100,337.3333333333333,9.0,9.0
53150,319.3333333333333,7.666666666666667,7.666666666666667
53200,347.3333333333333,9.666666666666666,9.666666666666666
53250,381.0,11.333333333333334,11.333333333333334
53300,386.0,11.333333333333334,11.333333333333334
53350,331.3333333333333,8.666666666666666,8.666666666666666
53400,322.0,7.666666666666667,7.666666666666667
53450,358.0,11.0,11.0
53500,352.6666666666667,10.0,10.0
53550,295.0,6.0,6.0
53600,290.0,6.0,6.0
53650,327.3333333333333,8.333333333333334,8.333333333333334
53700,271.0,4.666666666666667,4.666666666666667
53750,317.3333333333333,8.333333333333334,8.333333333333334
53800,378.0,10.666666666666666,10.666666666666666
53850,319.3333333333333,9.333333333333334,9.333333333333334
53900,323.0,9.0,9.0
53950,313.3333333333333,7.333333333333333,7.333333333333333
54000,343.0,9.0,9.0
54050,424.6666666666667,14.0,14.0
54100,371.6666666666667,11.666666666666666,11.666666666666666
54150,349.3333333333333,10.333333333333334,10.333333333333334
54200,345.3333333333333,8.666666666666666,8.666666666666666
54250,342.0,9.0,9.0
54300,311.0,7.666666666666667,7.666666666666667
54350,304.6666666666667,6.666666666666667,6.666666666666667
54400,382.0,12.333333333333334,12.333333333333334
54450,403.0,15.0,15.0
54500,362.6666666666667,10.0,10.0
54550,436.3333333333333,16.333333333333332,16.333333333333332
54600,318.0,7.333333333333333,7.333333333333333
54650,330.6666666666667,8.333333333333334,8.333333333333334
54700,359.0,10.333333333333334,10.333333333333334
54750,392.0,13.333333333333334,13.333333333333334
54800,353.6666666666667,10.0,10.0
54850,331.6666666666667,8.333333333333334,8.333333333333334
54900,335.0,10.0,10.0
54950,402.6666666666667,14.333333333333334,14.333333333333334
55000,281.6666666666667,6.666666666666667,6.666666666666667
55050,299.3333333333333,6.333333333333333,6.333333333333333
55100,271.0,4.666666666666667,4.666666666666667
55150,373.6666666666667,11.666666666666666,11.666666666666666
55200,329.0,9.333333333333334,9.333333333333334
55250,370.6666666666667,11.333333333333334,11.333333333333334
55300,406.3333333333333,12.333333333333334,12.333333333333334
55350,335.3333333333333,9.333333333333334,9.333333333333334
55400,392.6666666666667,13.333333333333334,13.333333333333334
55450,310.6666666666667,7.333333333333333,7.333333333333333
55500,332.6666666666667,9.0,9.0
55550,307.3333333333333,7.333333333333333,7.333333333333333
55600,426.3333333333333,15.0,15.0
55650,315.0,7.666666666666667,7.666666666666667
55700,317.6666666666667,7.666666666666667,7.666666666666667
55750,343.0,9.666666666666666,9.666666666666666
55800,315.6666666666667,7.666666666666667,7.666666666666667
55850,278.6666666666667,5.0,5.0
55900,375.0,11.333333333333334,11.333333333333334
55950,296.0,7.666666666666667,7.666666666666667
56000,370.3333333333333,11.0,11.0
56050,300.3333333333333,6.333333333333333,6.333333333333333
56100,340.6666666666667,8.0,8.0
56150,394.0,13.333333333333334,13.333333333333334
56200,332.3333333333333,8.666666666666666,8.666666666666666
56250,319.3333333333333,8.0,8.0
56300,277.0,6.0,6.0
56350,332.0,8.666666666666666,8.666666666666666
56400,329.6666666666667,9.666666666666666,9.666666666666666
56450,318.3333333333333,8.333333333333334,8.333333333333334
56500,262.6666666666667,4.0,4.0
56550,338.0,10.0,10.0
56600,370.0,11.333333333333334,11.333333333333334
56650,285.6666666666667,5.666666666666667,5.666666666666667
56700,316.3333333333333,7.333333333333333,7.333333333333333
56750,362.3333333333333,10.0,10.0
56800,370.3333333333333,11.0,11.0
56850,351.0,9.666666666666666,9.666666666666666
56900,312.3333333333333,7.0,7.0
56950,379.3333333333333,11.333333333333334,11.333333333333334
57000,357.6666666666667,11.0,11.0
57050,331.0,8.333333333333334,8.333333333333334
57100,315.0,8.0,8.0
57150,324.0,9.0,9.0
57200,380.3333333333333,11.666666666666666,11.666666666666666
57250,330.6666666666667,9.666666666666666,9.666666666666666
57300,277.0,7.666666666666667,7.666666666666667
57350,332.6666666666667,9.0,9.0
57400,358.6666666666667,9.666666666666666,9.666666666666666
57450,395.6666666666667,13.0,13.0
57500,394.3333333333333,12.666666666666666,12.666666666666666
57550,419.6666666666667,13.333333333333334,13.333333333333334
57600,346.6666666666667,9.0,9.0
57650,391.3333333333333,12.333333333333334,12.333333333333334
57700,334.0,8.333333333333334,8.333333333333334
57750,316.6666666666667,7.333333333333333,7.333333333333333
57800,265.3333333333333,4.0,4.0
57850,348.0,10.333333333333334,10.333333333333334
57900,368.0,11.333333333333334,11.333333333333334
57950,352.0,9.666666666666666,9.666666666666666
58000,372.3333333333333,11.333333333333334,11.333333333333334
58050,313.6666666666667,7.0,7.0
58100,374.6666666666667,11.333333333333334,11.333333333333334
58150,323.0,8.666666666666666,8.666666666666666
58200,309.6666666666667,8.333333333333334,8.333333333333334
58250,297.6666666666667,7.0,7.0
58300,381.0,12.0,12.0
58350,323.3333333333333,8.666666666666666,8.666666666666666
58400,321.6666666666667,8.666666666666666,8.666666666666666
58450,335.6666666666667,9.0,9.0
58500,324.0,9.0,9.0
58550,350.6666666666667,10.0,10.0
58600,337.0,10.0,10.0
58650,285.3333333333333,7.333333333333333,7.333333333333333
58700,404.6666666666667,14.0,14.0
58750,409.0,15.0,15.0
58800,353.0,11.666666666666666,11.666666666666666
58850,356.0,11.333333333333334,11.333333333333334
58900,336.0,9.666666666666666,9.666666666666666
58950,344.6666666666667,10.0,10.0
59000,302.0,7.333333333333333,7.333333333333333
59050,299.3333333333333,7.0,7.0
59100,417.6666666666667,14.666666666666666,14.666666666666666
59150,372.0,12.333333333333334,12.333333333333334
59200,379.0,13.333333333333334,13.333333333333334
59250,310.6666666666667,8.333333333333334,8.333333333333334
59300,329.3333333333333,10.333333333333334,10.333333333333334
59350,393.6666666666667,13.666666666666666,13.666666666666666
59400,316.3333333333333,8.333333333333334,8.333333333333334
59450,268.6666666666667,6.333333333333333,6.333333333333333
59500,312.6666666666667,8.333333333333334,8.333333333333334
59550,384.0,13.0,13.0
59600,413.0,16.0,16.0
59650,317.6666666666667,9.0,9.0
59700,341.6666666666667,10.666666666666666,10.666666666666666
59750,325.3333333333333,9.333333333333334,9.333333333333334
59800,315.3333333333333,8.666666666666666,8.666666666666666
59850,399.3333333333333,14.666666666666666,14.666666666666666
59900,312.3333333333333,9.0,9.0
59950,388.3333333333333,13.333333333333334,13.333333333333334
60000,348.6666666666667,11.333333333333334,11.333333333333334
60050,347.3333333333333,11.0,11.0
60100,392.6666666666667,14.333333333333334,14.333333333333334
60150,324.6666666666667,9.666666666666666,9.666666666666666
60200,365.0,11.666666666666666,11.666666666666666
60250,347.6666666666667,10.666666666666666,10.666666666666666
60300,333.6666666666667,9.666666666666666,9.666666666666666
60350,337.6666666666667,10.0,10.0
60400,363.6666666666667,12.0,12.0
60450,325.3333333333333,9.0,9.0
60500,291.3333333333333,7.0,7.0
60550,337.6666666666667,10.0,10.0
60600,357.3333333333333,11.666666666666666,11.666666666666666
60650,328.6666666666667,10.666666666666666,10.666666666666666
60700,349.6666666666667,11.0,11.0
60750,336.0,9.666666666666666,9.666666666666666
60800,346.6666666666667,10.333333333333334,10.333333333333334
60850,376.6666666666667,12.333333333333334,12.333333333333334
60900,294.6666666666667,7.0,7.0
60950,329.0,9.0,9.0
61000,366.3333333333333,10.666666666666666,10.666666666666666
61050,373.6666666666667,13.0,13.0
61100,342.6666666666667,10.666666666666666,10.666666666666666
61150,341.3333333333333,10.0,10.0
61200,322.6666666666667,8.0,8.0
61250,386.6666666666667,12.666666666666666,12.666666666666666
61300,380.6666666666667,13.333333333333334,13.333333333333334
61350,309.6666666666667,8.0,8.0
61400,354.3333333333333,11.666666666666666,11.666666666666666
61450,389.6666666666667,13.666666666666666,13.666666666666666
61500,321.0,8.666666666666666,8.666666666666666
61550,349.6666666666667,10.666666666666666,10.666666666666666
61600,380.0,13.333333333333334,13.333333333333334
61650,308.0,7.666666666666667,7.666666666666667
61700,295.3333333333333,7.0,7.0
61750,344.3333333333333,9.666666666666666,9.666666666666666
61800,261.0,4.666666666666667,4.666666666666667
61850,331.6666666666667,9.666666666666666,9.666666666666666
61900,310.3333333333333,8.666666666666666,8.666666666666666
61950,337.6666666666667,10.333333333333334,10.333333333333334
62000,327.3333333333333,9.333333333333334,9.333333333333334
62050,305.0,7.0,7.0
62100,282.6666666666667,6.333333333333333,6.333333333333333
62150,333.3333333333333,10.333333333333334,10.333333333333334
62200,338.3333333333333,11.0,11.0
62250,310.6666666666667,8.333333333333334,8.333333333333334
62300,402.3333333333333,14.0,14.0
62350,337.3333333333333,10.333333333333334,10.333333333333334
62400,345.3333333333333,11.666666666666666,11.666666666666666
62450,418.6666666666667,16.0,16.0
62500,414.0,16.0,16.0
62550,308.6666666666667,8.333333333333334,8.333333333333334
62600,378.6666666666667,12.666666666666666,12.666666666666666
62650,370.3333333333333,12.666666666666666,12.666666666666666
62700,304.0,8.0,8.0
62750,394.0,13.0,13.0
62800,374.6666666666667,13.666666666666666,13.666666666666666
62850,286.0,7.333333333333333,7.333333333333333
62900,264.0,5.666666666666667,5.666666666666667
62950,301.0,9.0,9.0
63000,298.6666666666667,8.0,8.0
63050,321.3333333333333,10.333333333333334,10.333333333333334
63100,330.0,10.666666666666666,10.666666666666666
63150,349.6666666666667,11.0,11.0
63200,278.0,7.333333333333333,7.333333333333333
63250,282.0,7.333333333333333,7.333333333333333
63300,305.0,8.333333333333334,8.333333333333334
63350,380.0,13.333333333333334,13.333333333333334
63400,334.6666666666667,10.333333333333334,10.333333333333334
63450,385.3333333333333,14.0,14.0
63500,287.3333333333333,6.333333333333333,6.333333333333333
63550,359.3333333333333,12.666666666666666,12.666666666666666
63600,345.0,11.0,11.0
63650,352.0,11.666666666666666,11.666666666666666
63700,416.3333333333333,15.0,15.0
63750,385.0,14.333333333333334,14.333333333333334
63800,259.0,6.333333333333333,6.333333333333333
63850,330.6666666666667,10.666666666666666,10.666666666666666
63900,364.0,12.666666666666666,12.666666666666666
63950,368.0,12.0,12.0
64000,367.0,13.333333333333334,13.333333333333334
64050,289.6666666666667,7.666666666666667,7.666666666666667
64100,266.6666666666667,6.0,6.0
64150,344.3333333333333,11.333333333333334,11.333333333333334
64200,246.0,4.666666666666667,4.666666666666667
64250,313.6666666666667,9.333333333333334,9.333333333333334
64300,357.6666666666667,12.666666666666666,12.666666666666666
64350,318.3333333333333,9.666666666666666,9.666666666666666
64400,285.0,7.666666666666667,7.666666666666667
64450,371.6666666666667,12.333333333333334,12.333333333333334
64500,330.0,10.666666666666666,10.666666666666666
64550,319.0,9.333333333333334,9.333333333333334
64600,327.6666666666667,10.333333333333334,10.333333333333334
64650,272.6666666666667,5.666666666666667,5.666666666666667
64700,299.0,7.0,7.0
64750,324.6666666666667,10.0,10.0
64800,326.6666666666667,10.333333333333334,10.333333333333334
64850,259.3333333333333,6.333333333333333,6.333333333333333
64900,384.6666666666667,14.333333333333334,14.333333333333334
64950,333.0,10.333333333333334,10.333333333333334
65000,358.0,12.333333333333334,12.333333333333334
65050,312.6666666666667,8.666666666666666,8.666666666666666
65100,334.6666666666667,11.333333333333334,11.333333333333334
65150,292.6666666666667,7.666666666666667,7.666666666666667
65200,359.3333333333333,12.0,12.0
65250,283.0,7.333333333333333,7.333333333333333
65300,368.3333333333333,14.333333333333334,14.333333333333334
65350,327.3333333333333,10.333333333333334,10.333333333333334
65400,290.0,8.666666666666666,8.666666666666666
65450,301.3333333333333,8.333333333333334,8.333333333333334
65500,330.0,11.0,11.0
65550,319.3333333333333,9.666666666666666,9.666666666666666
65600,348.3333333333333,12.333333333333334,12.333333333333334
65650,313.0,9.0,9.0
65700,358.0,13.333333333333334,13.333333333333334
65750,377.3333333333333,14.0,14.0
65800,296.6666666666667,8.333333333333334,8.333333333333334
65850,305.3333333333333,8.666666666666666,8.666666666666666
65900,361.0,12.333333333333334,12.333333333333334
65950,330.6666666666667,9.333333333333334,9.333333333333334
66000,311.6666666666667,8.333333333333334,8.333333333333334
66050,306.3333333333333,8.666666666666666,8.666666666666666
66100,308.3333333333333,9.333333333333334,9.333333333333334
66150,343.3333333333333,11.333333333333334,11.333333333333334
66200,323.0,9.666666666666666,9.666666666666666
66250,306.0,8.666666666666666,8.666666666666666
66300,364.3333333333333,13.666666666666666,13.666666666666666
66350,327.6666666666667,11.333333333333334,11.333333333333334
66400,345.3333333333333,11.333333333333334,11.333333333333334
66450,360.6666666666667,13.0,13.0
66500,409.6666666666667,17.0,17.0
66550,310.3333333333333,9.333333333333334,9.333333333333334
66600,298.0,9.0,9.0
66650,303.6666666666667,9.333333333333334,9.333333333333334
66700,372.6666666666667,14.0,14.0
66750,297.3333333333333,9.0,9.0
66800,305.0,10.0,10.0
66850,286.3333333333333,8.0,8.0
66900,346.3333333333333,12.333333333333334,12.333333333333334
66950,331.3333333333333,10.666666666666666,10.666666666666666
67000,383.0,15.333333333333334,15.333333333333334
67050,281.0,7.333333333333333,7.333333333333333
67100,344.0,12.0,12.0
67150,360.6666666666667,13.333333333333334,13.333333333333334
67200,354.0,13.333333333333334,13.333333333333334
67250,328.0,11.333333333333334,11.333333333333334
67300,307.0,9.333333333333334,9.333333333333334
67350,411.0,17.0,17.0
67400,296.6666666666667,9.0,9.0
67450,427.6666666666667,18.0,18.0
67500,366.6666666666667,13.666666666666666,13.666666666666666
67550,333.3333333333333,11.0,11.0
67600,425.0,17.666666666666668,17.666666666666668
67650,329.6666666666667,11.333333333333334,11.333333333333334
67700,246.33333333333334,5.666666666666667,5.666666666666667
67750,293.0,9.666666666666666,9.666666666666666
67800,304.6666666666667,9.333333333333334,9.333333333333334
67850,324.0,11.333333333333334,11.333333333333334
67900,262.3333333333333,7.333333333333333,7.333333333333333
67950,341.0,12.0,12.0
68000,276.0,8.0,8.0
68050,307.0,9.0,9.0
68100,314.6666666666667,11.333333333333334,11.333333333333334
68150,330.6666666666667,11.666666666666666,11.666666666666666
68200,303.3333333333333,9.666666666666666,9.666666666666666
68250,342.3333333333333,12.0,12.0
68300,349.0,13.0,13.0
68350,336.6666666666667,12.0,12.0
68400,263.0,7.333333333333333,7.333333333333333
68450,418.3333333333333,17.666666666666668,17.666666666666668
68500,384.0,15.0,15.0
68550,287.0,8.333333333333334,8.333333333333334
68600,270.3333333333333,7.333333333333333,7.333333333333333
68650,380.3333333333333,15.666666666666666,15.666666666666666
68700,259.3333333333333,8.666666666666666,8.666666666666666
68750,344.3333333333333,13.0,13.0
68800,354.6666666666667,13.333333333333334,13.333333333333334
68850,328.3333333333333,11.666666666666666,11.666666666666666
68900,429.6666666666667,19.0,19.0
68950,335.6666666666667,11.666666666666666,11.666666666666666
69000,397.6666666666667,16.666666666666668,16.666666666666668
69050,307.0,8.666666666666666,8.666666666666666
69100,279.0,8.333333333333334,8.333333333333334
69150,343.3333333333333,13.0,13.0
69200,347.0,12.333333333333334,12.333333333333334
69250,363.3333333333333,13.666666666666666,13.666666666666666
69300,381.0,15.333333333333334,15.333333333333334
69350,342.0,13.666666666666666,13.666666666666666
69400,390.6666666666667,16.0,16.0
69450,331.0,12.666666666666666,12.666666666666666
69500,352.6666666666667,13.666666666666666,13.666666666666666
69550,259.3333333333333,7.0,7.0
69600,331.3333333333333,12.666666666666666,12.666666666666666
69650,311.3333333333333,10.333333333333334,10.333333333333334
69700,337.3333333333333,13.666666666666666,13.666666666666666
69750,416.0,19.333333333333332,19.333333333333332
69800,345.0,14.0,14.0
69850,373.3333333333333,16.0,16.0
69900,348.0,13.333333333333334,13.333333333333334
69950,383.3333333333333,16.333333333333332,16.333333333333332
70000,292.0,9.666666666666666,9.666666666666666
70050,336.6666666666667,12.666666666666666,12.666666666666666
70100,324.6666666666667,11.0,11.0
70150,320.3333333333333,10.333333333333334,10.333333333333334
70200,365.3333333333333,13.666666666666666,13.666666666666666
70250,272.3333333333333,7.0,7.0
70300,351.0,13.666666666666666,13.666666666666666
70350,311.0,10.333333333333334,10.333333333333334
70400,386.3333333333333,16.0,16.0
70450,339.0,12.333333333333334,12.333333333333334
70500,427.6666666666667,19.333333333333332,19.333333333333332
70550,305.3333333333333,9.333333333333334,9.333333333333334
70600,341.3333333333333,12.0,12.0
70650,307.6666666666667,9.666666666666666,9.666666666666666
70700,318.3333333333333,11.333333333333334,11.333333333333334
70750,342.6666666666667,12.666666666666666,12.666666666666666
70800,343.3333333333333,15.0,15.0
70850,328.6666666666667,12.0,12.0
70900,336.0,12.666666666666666,12.666666666666666
70950,304.3333333333333,10.333333333333334,10.333333333333334
71000,335.6666666666667,12.0,12.0
71050,330.6666666666667,11.333333333333334,11.333333333333334
71100,293.6666666666667,9.333333333333334,9.333333333333334
71150,303.3333333333333,10.0,10.0
71200,274.0,7.333333333333333,7.333333333333333
71250,350.3333333333333,13.666666666666666,13.666666666666666
71300,304.3333333333333,9.666666666666666,9.666666666666666
71350,364.6666666666667,14.0,14.0
71400,254.66666666666666,6.333333333333333,6.333333333333333
71450,360.0,14.0,14.0
71500,408.3333333333333,17.333333333333332,17.333333333333332
71550,337.6666666666667,13.333333333333334,13.333333333333334
71600,281.3333333333333,8.0,8.0
71650,312.3333333333333,11.0,11.0
71700,320.0,11.666666666666666,11.666666666666666
71750,378.3333333333333,16.0,16.0
71800,333.6666666666667,11.666666666666666,11.666666666666666
71850,347.6666666666667,13.0,13.0
71900,367.0,15.0,15.0
71950,352.0,14.666666666666666,14.666666666666666
72000,337.6666666666667,12.333333333333334,12.333333333333334
72050,401.6666666666667,17.333333333333332,17.333333333333332
72100,314.0,11.0,11.0
72150,373.0,16.0,16.0
72200,241.33333333333334,5.666666666666667,5.666666666666667
72250,329.6666666666667,12.666666666666666,12.666666666666666
72300,330.3333333333333,12.0,12.0
72350,329.6666666666667,12.666666666666666,12.666666666666666
72400,319.3333333333333,11.666666666666666,11.666666666666666
72450,350.0,13.666666666666666,13.666666666666666
72500,288.6666666666667,9.0,9.0
72550,320.0,12.0,12.0
72600,304.3333333333333,10.0,10.0
72650,307.3333333333333,10.333333333333334,10.333333333333334
72700,355.6666666666667,14.333333333333334,14.333333333333334
72750,290.0,9.0,9.0
72800,295.0,10.0,10.0
72850,290.0,9.0,9.0
72900,335.0,13.0,13.0
72950,365.0,15.333333333333334,15.333333333333334
73000,440.6666666666667,20.0,20.0
73050,369.0,14.333333333333334,14.333333333333334
73100,316.6666666666667,11.333333333333334,11.333333333333334
73150,266.3333333333333,7.333333333333333,7.333333333333333
73200,329.3333333333333,12.333333333333334,12.333333333333334
73250,301.0,10.666666666666666,10.666666666666666
73300,234.0,5.0,5.0
73350,376.3333333333333,15.666666666666666,15.666666666666666
73400,400.6666666666667,18.0,18.0
73450,375.3333333333333,16.0,16.0
73500,246.66666666666666,6.0,6.0
73550,333.6666666666667,13.0,13.0
73600,344.3333333333333,14.666666666666666,14.666666666666666
73650,312.3333333333333,11.0,11.0
73700,314.6666666666667,12.0,12.0
73750,361.3333333333333,16.333333333333332,16.333333333333332
73800,394.6666666666667,17.333333333333332,17.333333333333332
73850,353.0,14.666666666666666,14.666666666666666
73900,350.0,13.666666666666666,13.666666666666666
73950,247.33333333333334,7.0,7.0
74000,338.0,12.666666666666666,12.666666666666666
74050,327.6666666666667,12.333333333333334,12.333333333333334
74100,308.6666666666667,11.333333333333334,11.333333333333334
74150,251.33333333333334,5.666666666666667,5.666666666666667
74200,305.6666666666667,11.333333333333334,11.333333333333334
74250,283.6666666666667,8.333333333333334,8.333333333333334
74300,324.6666666666667,11.666666666666666,11.666666666666666
74350,294.3333333333333,9.666666666666666,9.666666666666666
74400,314.6666666666667,11.333333333333334,11.333333333333334
74450,324.0,12.333333333333334,12.333333333333334
74500,335.6666666666667,12.333333333333334,12.333333333333334
74550,359.6666666666667,15.0,15.0
74600,317.3333333333333,11.666666666666666,11.666666666666666
74650,272.3333333333333,8.666666666666666,8.666666666666666
74700,305.6666666666667,11.0,11.0
74750,303.0,10.666666666666666,10.666666666666666
74800,306.0,11.0,11.0
74850,298.3333333333333,11.666666666666666,11.666666666666666
74900,305.0,10.333333333333334,10.333333333333334
74950,362.6666666666667,16.0,16.0
75000,341.0,14.0,14.0
75050,298.0,10.0,10.0
75100,369.3333333333333,15.333333333333334,15.333333333333334
75150,283.6666666666667,9.0,9.0
75200,298.6666666666667,10.0,10.0
75250,295.6666666666667,10.666666666666666,10.666666666666666
75300,342.3333333333333,13.333333333333334,13.333333333333334
75350,267.3333333333333,8.666666666666666,8.666666666666666
75400,399.6666666666667,17.666666666666668,17.666666666666668
75450,326.0,11.666666666666666,11.666666666666666
75500,350.0,13.666666666666666,13.666666666666666
75550,315.3333333333333,11.0,11.0
75600,324.0,12.0,12.0
75650,254.0,6.333333333333333,6.333333333333333
75700,274.6666666666667,9.0,9.0
75750,249.0,7.0,7.0
75800,294.0,10.0,10.0
75850,346.3333333333333,13.0,13.0
75900,326.6666666666667,12.666666666666666,12.666666666666666
75950,251.66666666666666,6.333333333333333,6.333333333333333
76000,291.6666666666667,9.666666666666666,9.666666666666666
76050,326.3333333333333,12.666666666666666,12.666666666666666
76100,242.66666666666666,7.0,7.0
76150,300.0,10.666666666666666,10.666666666666666
76200,407.0,19.0,19.0
76250,317.6666666666667,11.666666666666666,11.666666666666666
76300,297.3333333333333,10.666666666666666,10.666666666666666
76350,261.6666666666667,7.333333333333333,7.333333333333333
76400,292.3333333333333,10.0,10.0
76450,253.0,6.666666666666667,6.666666666666667
76500,264.6666666666667,7.0,7.0
76550,329.6666666666667,11.666666666666666,11.666666666666666
76600,294.0,9.666666666666666,9.666666666666666
76650,284.3333333333333,9.666666666666666,9.666666666666666
76700,334.0,13.666666666666666,13.666666666666666
76750,408.3333333333333,20.0,20.0
76800,297.3333333333333,10.333333333333334,10.333333333333334
76850,343.3333333333333,14.333333333333334,14.333333333333334
76900,357.3333333333333,14.333333333333334,14.333333333333334
76950,332.0,13.333333333333334,13.333333333333334
77000,285.6666666666667,9.333333333333334,9.333333333333334
77050,308.3333333333333,11.333333333333334,11.333333333333334
77100,326.3333333333333,12.333333333333334,12.333333333333334
77150,282.3333333333333,9.0,9.0
77200,251.0,6.0,6.0
77250,438.3333333333333,20.333333333333332,20.333333333333332
77300,330.6666666666667,13.0,13.0
77350,479.3333333333333,23.0,23.0
77400,352.0,15.0,15.0
77450,245.66666666666666,7.0,7.0
77500,312.6666666666667,12.0,12.0
77550,429.0,20.666666666666668,20.666666666666668
77600,288.6666666666667,9.666666666666666,9.666666666666666
77650,349.3333333333333,13.333333333333334,13.333333333333334
77700,301.0,9.0,9.0
77750,313.0,11.333333333333334,11.333333333333334
77800,355.6666666666667,14.666666666666666,14.666666666666666
77850,344.6666666666667,13.666666666666666,13.666666666666666
77900,343.0,13.666666666666666,13.666666666666666
77950,395.0,18.333333333333332,18.333333333333332
78000,324.3333333333333,12.666666666666666,12.666666666666666
78050,358.0,14.666666666666666,14.666666666666666
78100,328.0,12.0,12.0
78150,297.3333333333333,9.666666666666666,9.666666666666666
78200,298.3333333333333,9.666666666666666,9.666666666666666
78250,315.3333333333333,11.0,11.0
78300,304.3333333333333,10.333333333333334,10.333333333333334
78350,312.3333333333333,11.666666666666666,11.666666666666666
78400,469.3333333333333,23.666666666666668,23.666666666666668
78450,408.6666666666667,20.0,20.0
78500,309.3333333333333,11.0,11.0
78550,315.0,10.333333333333334,10.333333333333334
78600,297.0,10.666666666666666,10.666666666666666
78650,316.6666666666667,11.333333333333334,11.333333333333334
78700,326.6666666666667,12.666666666666666,12.666666666666666
78750,353.3333333333333,14.0,14.0
78800,373.0,16.0,16.0
78850,323.3333333333333,13.0,13.0
78900,277.0,8.333333333333334,8.333333333333334
78950,303.0,11.0,11.0
79000,376.0,15.666666666666666,15.666666666666666
79050,383.0,17.0,17.0
79100,339.6666666666667,13.333333333333334,13.333333333333334
79150,329.0,13.0,13.0
79200,342.6666666666667,14.666666666666666,14.666666666666666
79250,347.0,13.666666666666666,13.666666666666666
79300,271.0,8.333333333333334,8.333333333333334
79350,334.0,13.666666666666666,13.666666666666666
79400,329.6666666666667,13.0,13.0
79450,318.6666666666667,12.666666666666666,12.666666666666666
79500,408.0,18.666666666666668,18.666666666666668
79550,458.3333333333333,23.333333333333332,23.333333333333332
79600,244.0,6.666666666666667,6.666666666666667
79650,346.0,14.0,14.0
79700,323.6666666666667,14.0,14.0
79750,285.0,9.666666666666666,9.666666666666666
79800,293.0,10.0,10.0
79850,292.0,9.666666666666666,9.666666666666666
79900,313.3333333333333,11.666666666666666,11.666666666666666
79950,314.6666666666667,11.333333333333334,11.333333333333334
80000,322.0,12.666666666666666,12.666666666666666
80050,288.6666666666667,10.0,10.0
80100,326.3333333333333,12.0,12.0
80150,313.6666666666667,11.666666666666666,11.666666666666666
80200,304.3333333333333,11.0,11.0
80250,341.3333333333333,14.333333333333334,14.333333333333334
80300,390.0,17.333333333333332,17.333333333333332
80350,267.3333333333333,8.333333333333334,8.333333333333334
80400,289.0,9.666666666666666,9.666666666666666
80450,342.3333333333333,14.666666666666666,14.666666666666666
80500,285.3333333333333,10.333333333333334,10.333333333333334
80550,330.0,13.0,13.0
80600,280.3333333333333,9.333333333333334,9.333333333333334
80650,336.6666666666667,14.333333333333334,14.333333333333334
80700,327.3333333333333,13.666666666666666,13.666666666666666
80750,318.6666666666667,12.666666666666666,12.666666666666666
80800,405.3333333333333,20.333333333333332,20.333333333333332
80850,297.6666666666667,10.666666666666666,10.666666666666666
80900,235.33333333333334,6.333333333333333,6.333333333333333
80950,272.3333333333333,9.0,9.0
81000,257.3333333333333,8.0,8.0
81050,330.3333333333333,14.0,14.0
81100,324.6666666666667,14.0,14.0
81150,281.0,10.0,10.0
81200,349.0,15.666666666666666,15.666666666666666
81250,295.0,10.0,10.0
81300,278.3333333333333,10.333333333333334,10.333333333333334
81350,345.3333333333333,14.666666666666666,14.666666666666666
81400,291.0,10.333333333333334,10.333333333333334
81450,260.0,8.0,8.0
81500,325.3333333333333,12.333333333333334,12.333333333333334
81550,325.0,13.0,13.0
81600,278.6666666666667,9.666666666666666,9.666666666666666
81650,250.0,7.333333333333333,7.333333333333333
81700,334.6666666666667,14.0,14.0
81750,278.0,10.0,10.0
81800,305.3333333333333,11.666666666666666,11.666666666666666
81850,277.3333333333333,8.666666666666666,8.666666666666666
81900,301.0,11.0,11.0
81950,344.0,13.666666666666666,13.666666666666666
82000,319.0,12.666666666666666,12.666666666666666
82050,426.6666666666667,21.333333333333332,21.333333333333332
82100,324.3333333333333,13.0,13.0
82150,272.6666666666667,8.666666666666666,8.666666666666666
82200,334.6666666666667,13.666666666666666,13.666666666666666
82250,285.0,9.0,9.0
82300,347.6666666666667,15.333333333333334,15.333333333333334
82350,283.0,10.333333333333334,10.333333333333334
82400,285.3333333333333,10.333333333333334,10.333333333333334
82450,330.6666666666667,13.666666666666666,13.666666666666666
82500,338.6666666666667,14.666666666666666,14.666666666666666
82550,299.0,10.666666666666666,10.666666666666666
82600,273.3333333333333,9.333333333333334,9.333333333333334
82650,441.6666666666667,23.0,23.0
82700,258.3333333333333,7.666666666666667,7.666666666666667
82750,261.0,8.666666666666666,8.666666666666666
82800,315.0,13.666666666666666,13.666666666666666
82850,288.0,10.0,10.0
82900,290.0,10.666666666666666,10.666666666666666
82950,307.3333333333333,13.333333333333334,13.333333333333334
83000,333.6666666666667,13.666666666666666,13.666666666666666
83050,342.0,14.333333333333334,14.333333333333334
83100,446.0,22.333333333333332,22.333333333333332
83150,365.6666666666667,16.333333333333332,16.333333333333332
83200,360.6666666666667,15.666666666666666,15.666666666666666
83250,293.3333333333333,10.0,10.0
83300,287.6666666666667,10.0,10.0
83350,325.3333333333333,14.333333333333334,14.333333333333334
83400,321.6666666666667,13.0,13.0
83450,337.3333333333333,13.0,13.0
83500,380.3333333333333,17.333333333333332,17.333333333333332
83550,453.6666666666667,24.666666666666668,24.666666666666668
83600,309.3333333333333,11.666666666666666,11.666666666666666
83650,413.0,20.666666666666668,20.666666666666668
83700,303.6666666666667,11.333333333333334,11.333333333333334
83750,412.0,19.666666666666668,19.666666666666668
83800,253.66666666666666,7.333333333333333,7.333333333333333
83850,280.0,9.333333333333334,9.333333333333334
83900,348.6666666666667,15.0,15.0
83950,260.0,8.666666666666666,8.666666666666666
84000,323.0,13.0,13.0
84050,346.6666666666667,14.333333333333334,14.333333333333334
84100,407.3333333333333,20.333333333333332,20.333333333333332
84150,291.0,10.333333333333334,10.333333333333334
84200,338.0,14.333333333333334,14.333333333333334
84250,343.6666666666667,15.0,15.0
84300,296.0,10.333333333333334,10.333333333333334
84350,359.0,16.333333333333332,16.333333333333332
84400,374.3333333333333,18.333333333333332,18.333333333333332
84450,373.6666666666667,17.666666666666668,17.666666666666668
84500,277.3333333333333,10.0,10.0
84550,392.3333333333333,19.0,19.0
84600,298.6666666666667,11.333333333333334,11.333333333333334
84650,329.6666666666667,13.333333333333334,13.333333333333334
84700,337.0,13.666666666666666,13.666666666666666
84750,318.0,12.333333333333334,12.333333333333334
84800,281.6666666666667,9.333333333333334,9.333333333333334
84850,281.3333333333333,10.0,10.0
84900,358.3333333333333,16.333333333333332,16.333333333333332
84950,294.3333333333333,11.0,11.0
85000,392.3333333333333,18.666666666666668,18.666666666666668
85050,344.3333333333333,14.0,14.0
85100,335.3333333333333,14.0,14.0
85150,223.66666666666666,5.666666666666667,5.666666666666667
85200,372.0,17.0,17.0
85250,382.3333333333333,17.666666666666668,17.666666666666668
85300,326.6666666666667,13.0,13.0
85350,421.0,21.0,21.0
85400,381.3333333333333,17.666666666666668,17.666666666666668
85450,363.6666666666667,15.666666666666666,15.666666666666666
85500,323.0,12.333333333333334,12.333333333333334
85550,286.6666666666667,10.666666666666666,10.666666666666666
85600,335.3333333333333,14.333333333333334,14.333333333333334
85650,278.6666666666667,8.666666666666666,8.666666666666666
85700,284.3333333333333,10.333333333333334,10.333333333333334
85750,427.0,21.666666666666668,21.666666666666668
85800,335.0,14.333333333333334,14.333333333333334
85850,386.0,18.666666666666668,18.666666666666668
85900,325.0,13.333333333333334,13.333333333333334
85950,353.0,15.333333333333334,15.333333333333334
86000,311.3333333333333,12.0,12.0
86050,323.3333333333333,13.666666666666666,13.666666666666666
86100,386.3333333333333,18.666666666666668,18.666666666666668
86150,321.0,12.333333333333334,12.333333333333334
86200,311.3333333333333,12.666666666666666,12.666666666666666
86250,286.0,11.0,11.0
86300,292.6666666666667,11.0,11.0
86350,322.0,13.666666666666666,13.666666666666666
86400,362.6666666666667,17.0,17.0
86450,339.6666666666667,14.666666666666666,14.666666666666666
86500,291.6666666666667,11.333333333333334,11.333333333333334
86550,332.0,14.0,14.0
86600,303.0,11.666666666666666,11.666666666666666
86650,346.3333333333333,15.0,15.0
86700,392.0,18.333333333333332,18.333333333333332
86750,303.0,11.0,11.0
86800,383.3333333333333,17.0,17.0
86850,272.0,8.666666666666666,8.666666666666666
86900,287.0,11.0,11.0
86950,396.0,18.333333333333332,18.333333333333332
87000,318.3333333333333,12.0,12.0
87050,323.0,14.0,14.0
87100,315.3333333333333,12.333333333333334,12.333333333333334
87150,379.3333333333333,17.666666666666668,17.666666666666668
87200,300.0,12.0,12.0
87250,274.6666666666667,10.0,10.0
87300,388.6666666666667,18.333333333333332,18.333333333333332
87350,316.3333333333333,12.666666666666666,12.666666666666666
87400,336.0,14.0,14.0
87450,394.6666666666667,19.333333333333332,19.333333333333332
87500,388.0,19.666666666666668,19.666666666666668
87550,285.6666666666667,11.0,11.0
87600,297.6666666666667,11.0,11.0
87650,300.0,11.666666666666666,11.666666666666666
87700,283.3333333333333,10.0,10.0
87750,392.0,19.0,19.0
87800,305.0,13.0,13.0
87850,357.6666666666667,15.666666666666666,15.666666666666666
87900,366.3333333333333,16.0,16.0
87950,328.6666666666667,14.333333333333334,14.333333333333334
88000,348.3333333333333,14.666666666666666,14.666666666666666
88050,402.3333333333333,20.0,20.0
88100,259.3333333333333,7.666666666666667,7.666666666666667
88150,309.3333333333333,13.333333333333334,13.333333333333334
88200,380.0,18.333333333333332,18.333333333333332
88250,364.6666666666667,17.666666666666668,17.666666666666668
88300,392.0,19.0,19.0
88350,309.3333333333333,12.333333333333334,12.333333333333334
88400,338.6666666666667,14.0,14.0
88450,316.0,13.333333333333334,13.333333333333334
88500,315.6666666666667,12.666666666666666,12.666666666666666
88550,371.3333333333333,18.0,18.0
88600,327.6666666666667,14.0,14.0
88650,304.0,12.666666666666666,12.666666666666666
88700,319.6666666666667,13.666666666666666,13.666666666666666
88750,454.0,25.0,25.0
88800,347.6666666666667,15.666666666666666,15.666666666666666
88850,310.3333333333333,12.666666666666666,12.666666666666666
88900,344.0,15.333333333333334,15.333333333333334
88950,340.6666666666667,15.666666666666666,15.666666666666666
89000,381.6666666666667,19.0,19.0
89050,345.3333333333333,16.0,16.0
89100,307.6666666666667,13.0,13.0
89150,267.0,9.0,9.0
89200,335.6666666666667,15.0,15.0
89250,338.0,15.333333333333334,15.333333333333334
89300,310.0,13.333333333333334,13.333333333333334
89350,318.6666666666667,13.0,13.0
89400,339.0,15.0,15.0
89450,263.3333333333333,9.333333333333334,9.333333333333334
89500,286.6666666666667,10.666666666666666,10.666666666666666
89550,267.6666666666667,9.0,9.0
89600,268.6666666666667,9.0,9.0
89650,322.3333333333333,14.333333333333334,14.333333333333334
89700,296.3333333333333,11.333333333333334,11.333333333333334
89750,357.6666666666667,16.0,16.0
89800,399.0,20.0,20.0
89850,268.3333333333333,9.333333333333334,9.333333333333334
89900,364.0,17.333333333333332,17.333333333333332
89950,367.3333333333333,19.0,19.0
90000,317.6666666666667,13.0,13.0
90050,353.0,16.0,16.0
90100,366.3333333333333,17.666666666666668,17.666666666666668
90150,354.0,16.333333333333332,16.333333333333332
90200,331.0,15.333333333333334,15.333333333333334
90250,296.3333333333333,11.666666666666666,11.666666666666666
90300,280.6666666666667,10.333333333333334,10.333333333333334
90350,337.6666666666667,15.666666666666666,15.666666666666666
90400,300.3333333333333,11.666666666666666,11.666666666666666
90450,314.6666666666667,14.0,14.0
90500,368.3333333333333,18.333333333333332,18.333333333333332
90550,301.3333333333333,11.666666666666666,11.666666666666666
90600,302.0,11.666666666666666,11.666666666666666
90650,320.0,13.0,13.0
90700,411.6666666666667,21.333333333333332,21.333333333333332
90750,328.3333333333333,14.333333333333334,14.333333333333334
90800,309.0,11.666666666666666,11.666666666666666
90850,357.0,16.333333333333332,16.333333333333332
90900,337.3333333333333,14.0,14.0
90950,308.0,14.666666666666666,14.666666666666666
91000,421.6666666666667,22.333333333333332,22.333333333333332
91050,374.6666666666667,19.0,19.0
91100,405.0,20.666666666666668,20.666666666666668
91150,358.3333333333333,17.666666666666668,17.666666666666668
91200,323.6666666666667,13.666666666666666,13.666666666666666
91250,341.6666666666667,15.333333333333334,15.333333333333334
91300,329.6666666666667,14.666666666666666,14.666666666666666
91350,316.6666666666667,13.666666666666666,13.666666666666666
91400,388.6666666666667,19.666666666666668,19.666666666666668
91450,313.0,12.0,12.0
91500,333.6666666666667,14.0,14.0
91550,336.3333333333333,13.333333333333334,13.333333333333334
91600,350.0,14.666666666666666,14.666666666666666
91650,353.6666666666667,16.0,16.0
91700,315.3333333333333,12.0,12.0
91750,448.6666666666667,23.666666666666668,23.666666666666668
91800,338.6666666666667,16.0,16.0
91850,336.6666666666667,15.333333333333334,15.333333333333334
91900,262.0,8.666666666666666,8.666666666666666
91950,271.0,10.0,10.0
92000,323.6666666666667,13.666666666666666,13.666666666666666
92050,306.6666666666667,12.666666666666666,12.666666666666666
92100,313.6666666666667,13.333333333333334,13.333333333333334
92150,270.3333333333333,9.0,9.0
92200,332.3333333333333,15.0,15.0
92250,295.0,11.333333333333334,11.333333333333334
92300,406.0,22.0,22.0
92350,330.3333333333333,14.666666666666666,14.666666666666666
92400,382.0,19.666666666666668,19.666666666666668
92450,346.6666666666667,16.333333333333332,16.333333333333332
92500,321.6666666666667,14.666666666666666,14.666666666666666
92550,339.6666666666667,15.333333333333334,15.333333333333334
92600,339.6666666666667,15.333333333333334,15.333333333333334
92650,384.3333333333333,20.0,20.0
92700,333.3333333333333,15.333333333333334,15.333333333333334
92750,359.3333333333333,17.333333333333332,17.333333333333332
92800,355.6666666666667,17.0,17.0
92850,329.0,15.0,15.0
92900,348.3333333333333,16.666666666666668,16.666666666666668
92950,335.3333333333333,15.333333333333334,15.333333333333334
93000,398.6666666666667,21.333333333333332,21.333333333333332
93050,314.3333333333333,13.333333333333334,13.333333333333334
93100,355.3333333333333,16.333333333333332,16.333333333333332
93150,362.3333333333333,16.333333333333332,16.333333333333332
93200,311.3333333333333,12.666666666666666,12.666666666666666
93250,430.0,22.666666666666668,22.666666666666668
93300,289.3333333333333,11.0,11.0
93350,327.6666666666667,13.666666666666666,13.666666666666666
93400,355.0,15.666666666666666,15.666666666666666
93450,440.0,23.0,23.0
93500,282.0,9.666666666666666,9.666666666666666
93550,368.0,17.666666666666668,17.666666666666668
93600,357.0,16.666666666666668,16.666666666666668
93650,407.0,21.666666666666668,21.666666666666668
93700,288.6666666666667,11.333333333333334,11.333333333333334
93750,307.0,12.0,12.0
93800,304.3333333333333,12.666666666666666,12.666666666666666
93850,371.0,18.0,18.0
93900,333.6666666666667,15.666666666666666,15.666666666666666
93950,398.0,20.0,20.0
94000,351.0,15.666666666666666,15.666666666666666
94050,358.6666666666667,17.0,17.0
94100,345.6666666666667,16.666666666666668,16.666666666666668
94150,309.6666666666667,13.0,13.0
94200,328.0,15.333333333333334,15.333333333333334
94250,305.6666666666667,12.333333333333334,12.333333333333334
94300,332.6666666666667,14.333333333333334,14.333333333333334
94350,301.0,12.333333333333334,12.333333333333334
94400,246.0,7.666666666666667,7.666666666666667
94450,336.6666666666667,15.0,15.0
94500,381.0,19.0,19.0
94550,357.6666666666667,17.666666666666668,17.666666666666668
94600,316.0,13.0,13.0
94650,294.3333333333333,11.333333333333334,11.333333333333334
94700,355.3333333333333,17.333333333333332,17.333333333333332
94750,382.0,19.666666666666668,19.666666666666668
94800,355.6666666666667,17.333333333333332,17.333333333333332
94850,432.6666666666667,23.666666666666668,23.666666666666668
94900,297.0,12.0,12.0
94950,405.0,20.666666666666668,20.666666666666668
95000,357.3333333333333,17.666666666666668,17.666666666666668
95050,326.3333333333333,14.666666666666666,14.666666666666666
95100,262.6666666666667,9.0,9.0
95150,319.6666666666667,14.0,14.0
95200,320.0,13.666666666666666,13.666666666666666
95250,349.6666666666667,16.333333333333332,16.333333333333332
95300,344.6666666666667,15.333333333333334,15.333333333333334
95350,351.3333333333333,15.333333333333334,15.333333333333334
95400,341.6666666666667,15.0,15.0
95450,433.6666666666667,23.0,23.0
95500,310.3333333333333,11.666666666666666,11.666666666666666
95550,336.3333333333333,15.0,15.0
95600,386.3333333333333,19.666666666666668,19.666666666666668
95650,366.3333333333333,18.666666666666668,18.666666666666668
95700,380.0,19.333333333333332,19.333333333333332
95750,310.3333333333333,13.333333333333334,13.333333333333334
95800,317.6666666666667,14.0,14.0
95850,340.0,16.0,16.0
95900,251.0,8.666666666666666,8.666666666666666
95950,379.3333333333333,19.666666666666668,19.666666666666668
96000,325.3333333333333,14.0,14.0
96050,368.3333333333333,17.333333333333332,17.333333333333332
96100,363.0,17.333333333333332,17.333333333333332
96150,345.3333333333333,15.666666666666666,15.666666666666666
96200,324.3333333333333,13.0,13.0
96250,319.6666666666667,14.666666666666666,14.666666666666666
96300,329.3333333333333,15.333333333333334,15.333333333333334
96350,403.0,20.333333333333332,20.333333333333332
96400,382.6666666666667,20.0,20.0
96450,306.6666666666667,12.333333333333334,12.333333333333334
96500,310.6666666666667,13.333333333333334,13.333333333333334
96550,411.6666666666667,21.0,21.0
96600,326.6666666666667,14.666666666666666,14.666666666666666
96650,351.6666666666667,16.333333333333332,16.333333333333332
96700,321.6666666666667,13.666666666666666,13.666666666666666
96750,280.0,10.333333333333334,10.333333333333334
96800,333.0,14.666666666666666,14.666666666666666
96850,302.0,12.666666666666666,12.666666666666666
96900,404.0,20.333333333333332,20.333333333333332
96950,341.6666666666667,15.333333333333334,15.333333333333334
97000,421.3333333333333,21.666666666666668,21.666666666666668
97050,365.3333333333333,17.666666666666668,17.666666666666668
97100,334.0,14.333333333333334,14.333333333333334
97150,391.0,20.0,20.0
97200,356.6666666666667,17.0,17.0
97250,325.3333333333333,15.0,15.0
97300,331.6666666666667,14.666666666666666,14.666666666666666
97350,300.0,12.0,12.0
97400,347.6666666666667,16.0,16.0
97450,387.6666666666667,20.666666666666668,20.666666666666668
97500,388.0,19.0,19.0
97550,282.6666666666667,10.333333333333334,10.333333333333334
97600,328.0,15.0,15.0
97650,382.6666666666667,18.333333333333332,18.333333333333332
97700,297.0,11.666666666666666,11.666666666666666
97750,401.0,20.666666666666668,20.666666666666668
97800,296.0,12.333333333333334,12.333333333333334
97850,294.6666666666667,12.0,12.0
97900,286.6666666666667,11.333333333333334,11.333333333333334
97950,342.3333333333333,15.333333333333334,15.333333333333334
98000,359.0,17.666666666666668,17.666666666666668
98050,310.0,12.333333333333334,12.333333333333334
98100,342.0,15.333333333333334,15.333333333333334
98150,265.6666666666667,9.0,9.0
98200,380.3333333333333,18.0,18.0
98250,305.3333333333333,13.666666666666666,13.666666666666666
98300,342.3333333333333,15.666666666666666,15.666666666666666
98350,321.3333333333333,13.0,13.0
98400,298.0,12.0,12.0
98450,355.0,17.333333333333332,17.333333333333332
98500,259.3333333333333,10.0,10.0
98550,316.0,13.333333333333334,13.333333333333334
98600,417.6666666666667,21.666666666666668,21.666666666666668
98650,327.0,14.0,14.0
98700,359.6666666666667,17.333333333333332,17.333333333333332
98750,329.0,13.333333333333334,13.333333333333334
98800,420.0,20.333333333333332,20.333333333333332
98850,326.0,14.666666666666666,14.666666666666666
98900,353.0,15.666666666666666,15.666666666666666
98950,361.6666666666667,17.666666666666668,17.666666666666668
99000,249.33333333333334,9.0,9.0
99050,328.6666666666667,15.0,15.0
99100,419.0,22.0,22.0
99150,314.3333333333333,13.0,13.0
99200,353.6666666666667,16.666666666666668,16.666666666666668
99250,297.6666666666667,12.666666666666666,12.666666666666666
99300,340.0,16.333333333333332,16.333333333333332
99350,327.3333333333333,15.666666666666666,15.666666666666666
99400,460.0,25.333333333333332,25.333333333333332
99450,355.0,17.0,17.0
99500,323.3333333333333,14.0,14.0
99550,415.3333333333333,21.666666666666668,21.666666666666668
99600,320.3333333333333,14.0,14.0
99650,462.0,26.666666666666668,26.666666666666668
99700,264.3333333333333,10.0,10.0
99750,355.6666666666667,16.333333333333332,16.333333333333332
99800,322.0,14.0,14.0
99850,341.6666666666667,16.666666666666668,16.666666666666668
99900,302.6666666666667,11.666666666666666,11.666666666666666
99950,386.3333333333333,20.0,20.0
100000,334.6666666666667,14.666666666666666,14.666666666666666
